id,MedHouseVal
20047,0.5534950176602936
3025,1.1254323682539908
15664,3.919145762259138
20485,2.525237023081145
9815,2.2134804264164383
13312,1.651149710961717
7114,2.3657589314735903
7669,1.7420442826254559
18247,3.190195174715935
5724,4.3621658354863175
20070,0.9910205807986147
6836,1.9521990391927815
11352,1.6248480145196396
20268,1.8915466878583855
7098,2.3193401710307335
6299,1.739452927439854
697,2.0984711055045944
19608,2.0082518843930273
14174,1.6330551294918534
19639,1.0797759983355717
18333,3.600094591976915
4692,3.517371145734788
2324,1.3469463802421133
16881,4.253180845656095
14522,1.6204834908958443
19834,0.4423807343652066
8384,2.108556554540104
2648,1.173626405308467
1457,1.4416466970429198
5679,3.8405494740236468
342,1.3493643951292977
4853,1.4818082727527238
14387,2.3413612424588175
18262,3.8723082199014343
16106,2.3843879453170613
9150,2.4604918419073276
16880,3.217748650921662
6254,1.5941891754974393
11742,1.118576565382158
7331,1.420263393842858
20461,3.100792618900772
2413,1.2186902365870944
19392,1.1188049911083888
11442,2.5199476949115724
13333,1.4259734865138483
3722,1.9454608093248638
14987,1.3578461213550936
14153,1.589870260826855
5655,2.484398944668432
2579,1.197114400736357
19333,2.194404374942091
3377,1.8667474065082486
15119,1.3788669984974247
9621,0.7071128400266814
7192,1.519519345543568
19933,1.6651692239900013
13707,0.779178989066568
6221,2.1918112921596453
14642,2.3602087181849982
12102,1.850165299167645
11513,3.4729413274669385
4744,2.2425145110034466
19403,0.9732970997248706
2609,1.0748801349417745
11450,3.1440487334917706
7655,1.807704648047843
19061,1.7271556899539866
1351,1.557339513325701
4592,1.8231318888949308
7169,1.5891127658088529
3355,1.0963333473574823
739,2.1680455712458735
2352,0.8588110807241833
15138,1.6021393354521738
8531,1.9602520057187376
19151,2.0858201728642625
17042,4.0974789654302395
10496,2.113205070860699
7807,1.8787715972050805
8916,2.3819073491528173
19891,0.796998077686399
10217,1.7009631823148106
4392,1.6174739623561603
4601,1.684062861997132
5752,3.903483977326765
15480,2.2615764731134615
3329,1.0870632880133728
12810,0.811960742235459
20269,1.880978596462158
3959,1.9176669970157627
18874,1.3306819576687867
17929,2.743642457760016
14308,0.9600949503244731
2029,0.42686738029069365
13070,0.9905588068952427
6053,1.2586287577634923
15976,3.6234124356857804
14332,1.9164870800798264
1607,2.0534850908379685
10916,1.66682459987328
13337,1.6757978120528014
10390,4.229679122777312
14463,2.9928854475282316
14931,2.7684450090802195
6963,2.199434543809533
10237,1.461925387073585
4280,2.112909557758787
4739,3.1135934785714587
17974,2.3770185357073674
19560,0.8488478714503919
539,1.6020328607944645
4187,2.3594504765680897
2827,3.6208173674683657
17841,4.019132331918685
12571,1.6056807798253454
4768,2.108782786232034
7764,1.7153633554050929
4044,2.96232342175633
11312,2.4128670358049606
6069,2.055749129935468
19253,1.6729042716784681
8338,2.1895375364578364
16026,3.377720259389981
4310,1.7913303113018317
15061,1.2777307872710075
2421,0.6532453264310099
13657,0.8597634631150631
5666,2.196033374671382
3779,3.173652902814851
2302,1.7055581207123218
5991,3.141180501819642
6591,4.7557871043942495
16105,2.720010257926546
9623,0.8348508689331745
19123,2.085873509420601
13933,1.352523034403655
291,2.1858345848001783
17203,2.891008376275448
9971,2.2512429473717144
20373,3.1166526814992963
18347,2.13430651048683
14971,1.2403009074443718
4448,1.5861319408776269
4745,2.2630162180346356
3530,4.241527129125107
7317,1.43400566687438
16886,4.2267287573500045
15891,1.8144294580326232
10034,0.8301626528265372
13598,1.1832216599707959
4668,1.8693469263654843
16331,1.1045111024376804
6542,1.903801943392358
7229,1.4814411548384914
9846,2.783144486419438
10386,2.9073255346742615
10886,2.3809405441454574
11097,2.4598198235962307
9572,1.0546146044615654
5223,1.121446841016966
15608,2.168475568325424
6815,2.1308548771630402
3486,4.2315813230392045
9878,1.4474863199334704
18787,0.9142296372786692
17199,3.2707542632786755
20126,1.7680629129051106
19819,0.7872655094491665
3913,2.0432809886213454
17826,2.5251303781847487
17640,3.354776313370541
14016,2.6510032670773667
15398,2.9632615357337904
10429,3.2000539233371477
19767,0.6445858562407574
13926,0.31461873766200454
9943,0.9074407511164571
13934,1.1746938019349362
1098,1.7309230095742332
2116,0.9150145509316987
1494,3.1774561210955996
18467,3.53766415836704
15031,1.728449523946434
17924,2.6028842927324014
2335,0.36215308317016914
5217,1.4164733986546583
6242,1.6060231662298863
4630,2.2166015991421344
18178,4.263589621068165
5060,2.7478691178618297
7548,1.5536373950957032
564,2.505086988018198
6422,1.4051879207744584
4497,1.8708877776332133
13016,1.3475858016387217
19960,0.845324149975163
3922,2.058222683685687
12415,0.8456400880853793
4047,5.108458182799296
5237,1.3650151641093031
16758,2.7679465267577124
10762,4.806518184337125
19072,3.048600200008391
18915,2.0120961681635183
3483,2.017095603613258
16039,2.117652304921781
19486,1.4773922851314962
9659,0.7458853303153851
7108,1.90242540587379
18657,1.6013878829971158
7279,1.3689162894723095
17799,4.720231499146804
8539,2.1661565990967517
15294,3.135336078636911
18885,1.0799505396510987
6642,1.425944960693669
4389,1.6905222319687967
19855,0.4171710442469459
18248,2.7848125245321143
4915,1.30927450766026
1902,1.028747396705572
13018,1.5649208691047214
15908,3.5972698814029394
13571,1.8311785386834702
9467,0.9746397243587303
19152,1.5745399102705429
5827,2.6253733787554263
13916,0.7863584397562606
10560,2.0973705912768965
14367,2.6898655165581733
5478,2.96173316013818
8982,2.4303889463125965
4955,1.7245072699044826
15758,3.6174683281855256
11736,1.0209592705447765
3211,0.7895554810742165
16951,4.47230390184963
8633,5.189944362063274
5208,1.5224620592007114
8592,2.647636511453409
8199,2.7893812419375954
11904,1.2286511611136182
6513,1.7422216805968656
475,1.5205684552314223
10200,1.886629262309113
7724,2.5985843139454254
14817,2.7905539189585475
14734,2.5142819391265827
14658,2.7872957219375647
12989,1.5632776942118638
20566,1.0663174618021876
19297,1.999468234258356
4476,1.7140145483665428
1291,1.4422888376699392
12426,0.7486832294020822
20451,2.447381544803789
7150,1.4870419512104707
13450,1.267078368231142
5227,1.2373693250722364
15022,1.4737134834581789
17354,2.0917059643205724
18170,2.747027231761659
409,4.017150504977428
7656,1.8743194359714301
9666,0.7588114957875495
5358,3.8644525240446588
7388,1.3718346587775927
13176,1.9051768720695614
15243,3.944193773586942
13652,1.4487440130450102
17109,5.034381012463701
386,1.9224395294823213
6888,1.7511481558170199
7102,1.8477493693170282
15003,1.2692796704130749
11533,1.9557443409765625
18873,2.1107145165035237
1035,1.3278348653612677
11987,1.146004384782528
13531,1.8398090748876559
4464,1.7156726172596621
20348,2.948203871083961
13113,1.1148443611948082
18887,1.3409568599767614
14809,2.8259700269496473
20350,4.079637119801749
972,3.2225626111137506
13339,1.6181179968150743
17882,2.957621726213426
11518,4.687313670175094
6244,1.7269005064411973
3016,1.3026994615885854
14665,1.4395815113835102
5803,2.069335269016453
4418,1.6782104805805491
16342,0.7262634786222977
8292,2.97759384431052
1167,0.6702420554969819
17885,2.305173039902983
15056,1.8652619371185986
9071,1.071754885865012
1202,0.8621725435905764
8575,4.769641951074702
14848,1.214663787947073
16252,0.9968851206644286
17043,4.633437223395622
4578,2.015367055221783
2502,0.8327115153395691
2860,2.9963301054280125
10276,1.6204215827621187
7248,1.5806567330196135
3683,2.1346689182663128
11056,3.028936839198199
20169,2.5898150544353182
8876,5.3357596585885645
7795,1.5724884774142525
9265,0.7715139360714895
12376,2.0651675647265426
11998,1.6893960120787936
9961,3.6545250704347794
18606,2.3832390714797995
20172,2.338004499327264
6650,1.9394874506949171
10797,5.020990149015148
15609,1.9331889213809001
7347,1.4964931844416642
13378,1.9332307989017625
12282,0.9695834692627059
1912,1.4184043429617932
6952,1.4167420858910258
16496,1.4146360063601215
18681,1.7891717121369257
17012,3.4153966375708125
11371,1.9892430663255505
2141,0.9530262943492798
1693,2.7465231831539
14967,1.0217629773321673
2755,0.6753264541617628
19554,1.2089363454822015
3482,4.229318933101225
1458,2.425569684637974
2699,0.6888645706646964
13889,0.19552144132409524
7984,2.1207967228988447
3965,2.278806874168226
20587,1.1974680556626867
16873,3.994048360136816
16957,3.060990896879811
14460,5.028218009490322
804,2.629839782620085
20356,2.1101814068882008
10218,1.9159789843512551
5117,1.3365053342115996
9993,0.8393276221939652
8396,2.2992560947819296
18535,1.6108385444915765
2798,0.9069295501844488
11219,2.3455578140271407
8611,2.8379270107152332
14650,2.824079514614241
9855,4.245272406993145
10477,2.1639543478149643
5712,1.8628549815404605
13207,1.415228345106023
5108,1.8428299781773838
7031,1.7188836710775015
8461,2.1412270099579667
17149,4.343637816801362
17966,2.5480191484876533
9003,2.3232414618024633
17842,1.9160611764407935
19168,1.3699770166836311
9244,0.8009939619559566
2560,0.8958968244428537
18675,2.7761812008313407
11679,2.1564112747327475
6934,1.7779397633147265
9043,1.5878141314887788
19689,0.8930656647630975
12869,1.8239950674236587
3985,3.444173618873137
11038,4.4723474001558525
5602,1.7774042394627627
13446,1.1737046777285123
16170,2.979746829836394
8844,3.6615396778429545
19856,0.770185981493062
7435,1.5502211881558723
14764,1.2927930295056325
11618,2.551766542989342
11218,2.146195332373176
7498,1.168489206921812
4986,1.6330258413364211
16425,0.962143315886103
14514,1.714429337324838
7440,1.4926302478425362
4679,5.03055482025125
10807,3.257443579063738
4149,2.0351830044803845
5816,1.9071505396284776
15807,3.922749843256579
16041,2.4346784325975532
7015,1.6398194545958034
6867,1.811582589626569
18537,2.318003544671123
1871,0.7741483635552148
3573,4.597242210646071
7257,1.8475198730339686
19573,1.4401368693208414
3740,1.9879976073321801
352,1.3661779816821613
10744,5.215290157011509
6473,2.3058217494393736
15063,1.2427265415696716
12974,1.3606573983642987
3942,2.401261782561591
4116,3.765786727456364
3367,0.8851091157302889
9023,3.9176387508825607
7439,1.5040326482412145
13004,1.340833961137718
12897,1.4311361659996862
1643,2.0270057552010496
20090,1.1322171844105546
18506,4.224687963444029
8345,2.1958084392915325
4220,2.794763927434976
1714,1.8590062004185939
8786,2.9868208175475703
17307,2.3837890154247052
19559,0.9502008544400613
3821,2.120303330670795
11582,2.6453877604084908
4485,1.5481595519368838
14735,1.6987681268283328
120,2.992046311150649
18019,2.838759316899694
16498,1.2298967128266014
3712,2.199460702324584
3902,2.5947465642653684
20150,2.213757714597196
7496,1.3407455398700083
8674,3.4785020768400523
14549,3.4693724470201373
1078,1.1557561181352891
11689,1.5744878474543063
3475,3.494387166575075
11916,1.7344158263255802
2190,1.3547069201460906
937,2.4862582705522054
17039,3.2379530313421845
5901,2.1527475089260233
18295,4.455995996348991
1183,0.9860808205186402
607,1.5704356866904727
17467,3.302781598727478
4721,2.8013934057540024
6286,1.9971458456815978
7072,2.227995965564715
20636,0.6191875824057966
19517,1.0185309432442475
1600,4.258406397493876
6150,1.726343503168421
12165,1.1132078003832322
12828,1.3454305640636914
11800,1.450092881734396
11717,2.5596689747848957
19276,2.235790324386873
12274,0.9997995114056899
209,1.1777929943456698
13376,1.8704259791490272
13417,1.5717487341210143
14275,1.0839497181568756
19746,1.0759890834186314
4105,3.6390690253384963
14147,1.2065785503645978
1789,1.1390572903270444
2175,1.0932279697307394
8394,2.1165693662555434
3336,0.9976858238125325
1428,1.860928714036447
3504,1.865467155469035
4742,2.1424711976574002
17014,2.9558594633766306
13144,1.212115080360093
15145,1.5920142473009957
9876,1.5870224011511922
8140,2.4734094526975303
8411,1.6272456140560938
5380,2.892100167097253
3046,0.9998227975195547
12300,0.8241070451851294
11864,1.170321815139228
2236,0.543423429890407
5469,3.3053327821457286
2268,0.7354197247544808
15228,3.0352085165151217
9301,3.3358797299148875
5395,2.327130512196506
1505,2.4036834705091747
504,2.015088024279835
17998,2.834807840746288
1273,2.0205763521578035
2603,0.860276096428604
6780,2.2999072531608045
18927,2.8121794320759026
18515,1.9536601773496673
8138,3.147169766260358
5349,3.9746578973007867
16615,2.285893292413041
13006,1.3356996746231269
14946,1.8058767751838047
10476,3.188730580204831
8640,4.596560407947834
14516,1.928907177940326
15045,3.4210847170899883
3669,1.8291548052452653
14021,2.5723343544225448
13507,0.6640700137039661
15899,1.968561319367625
8600,2.9899451421697014
13527,1.57552885265917
7949,2.7168984342911893
4519,1.4524511252622427
20312,1.5025029209805874
5964,2.190411503619321
6129,1.469023981190913
18755,0.7074213921728768
3126,1.1719234206520133
17249,2.0148721258573046
3699,1.632627042159541
324,1.3450057138234994
5684,3.1161667104897735
17574,1.716251903787967
3490,1.891505589399802
15894,2.2691645109452687
14737,2.642399291857071
9040,1.0039623988247697
11616,2.5092344825770363
18753,0.764971254437136
829,2.3268515724382914
17181,3.746729035313369
3923,2.652339234073377
13106,1.9301842424259958
10631,2.7953113734435755
18052,4.302209574416072
17453,2.114570166727743
4075,5.3344141257178
8150,2.866986419108262
19649,1.1824304627621358
12400,1.1591204107988475
15931,2.658365921505309
5999,1.291477186671648
14836,1.0978366479066555
16460,1.425405837534892
16976,2.5606705200033675
2767,1.312701874132855
1808,1.3395534315407525
2849,1.057582071239638
12256,1.3441986719031462
15732,3.872123196731474
6718,3.344934473110801
7734,2.4670849169191
14815,2.766418935778803
7049,1.1646320411573732
2042,3.308931065861301
1394,3.078254422752517
10509,2.8795768892765086
18121,2.508573767302507
12195,1.81980428912793
1531,3.732689673598984
2894,0.5752791780748735
3704,2.1385883466067934
35,1.6148374177772071
4967,1.351668576068659
3114,1.2154240884914258
20634,0.9556565427254827
10108,1.7281079894717515
18507,2.3294888005454113
15912,2.941078206441232
10159,3.0320268122817695
8586,4.804985438593622
14468,4.906082561115406
11716,1.6963157136476874
16639,1.7401056657785126
5688,3.9601254140229036
11553,1.7796269698045148
721,1.4918540644846372
9537,1.1429326499171977
1399,1.8351077931114403
2468,0.7316114821648244
7581,1.3689162894723095
11465,2.600781090776338
219,1.5051120935522784
2021,0.42860433553038774
20494,2.8100324989636567
2306,1.7374700830862335
9072,1.010583870043492
4446,1.4639157192782892
1536,3.915177753369517
2301,1.677865316712402
7950,2.5047139112069585
8165,2.5226321658044144
15135,1.3107331178908148
2639,0.8925216268981231
6232,2.226933368684616
16561,1.8268986174890045
15767,3.3770450646881454
8909,3.2611688489113226
20010,0.5414710377606313
439,1.8407881203732988
6272,1.7947971437792334
9665,0.6835468844843383
961,2.7786461444924893
8732,2.9182959932501062
8343,2.476977578355167
6321,2.3973188462316455
10157,2.9856761924751347
8553,1.9673016918034563
16382,1.5565076886192897
10116,3.196151597027629
8978,2.6164418632265325
6724,3.0843495008627984
14013,2.5602984964134063
8853,5.3016044946948835
5504,2.115212588316394
7047,2.036300895555968
17584,2.5418012956113323
14484,4.837165649400625
521,3.0611156774878534
18313,3.507987382949155
4399,1.9643375125477227
5051,2.103023056128791
2266,0.9717765901280975
14855,1.0893037894052378
10658,3.169370166973661
19058,2.34582620307844
16114,2.564358319708207
16710,1.1135112143745647
16275,0.835186810516121
10316,2.0347136180793783
12812,1.7095072607720334
11244,1.9069602737622189
2085,0.856228135279911
5889,3.6279227508450513
6406,2.171096517221457
16558,1.0138641085142364
2389,1.253402254873857
16818,2.780523108890402
20208,2.4462865140774106
5226,1.2591582628108324
8511,2.5365430285543162
18730,0.916320339274301
13461,1.057563036070474
9050,1.2851420147273072
14442,3.002217105005546
7583,1.387469787763981
20555,0.95959486870329
3387,1.818788110904844
9863,2.283901200179945
18231,2.492161278252403
7782,1.8476479628373637
10389,3.8785003577459287
16292,0.8434140643511471
6688,2.0811175171919194
1053,1.6925786285793845
3209,0.6792242714364616
13028,1.3353054792289683
18775,0.8279703001640458
1434,2.014936810499418
15459,2.107346663802802
5736,2.0575511741422314
10728,4.263771373440021
7572,1.4334276026840265
12048,1.198854679851488
12945,2.072375742945927
13776,1.0835038761771691
1028,1.4772773411343023
11415,3.3838033922627138
10727,4.363823466543346
15604,1.397180150652081
19552,0.8427125375820999
10928,1.6164147391081762
9017,3.618602228504112
3489,3.7243456685586076
20365,2.973116318933181
18164,4.023575473465329
11238,1.9134145756977952
10407,2.590520062413885
12379,0.7688419028330143
2886,0.4963077117005558
11356,2.084964156853951
17692,1.9215381698183622
18866,1.2243115813099599
8117,2.1492965304445995
9761,0.978910022295641
12605,0.6872369305281829
8247,2.0695138676998037
6358,2.080903107550765
5351,4.140423276789692
314,1.4067366957108007
4025,2.598711336760555
18486,2.0424334375663986
11059,1.8548876802512786
3700,1.6139686033453273
3474,3.910067835922817
9772,1.51216679234236
15337,2.0575346121276405
3911,1.9799710735777205
5107,2.285758856990442
17153,3.6894489346935657
7041,1.8210512665818857
15544,3.7927641798871194
16857,2.5325771673214317
11968,0.9001552872361602
1731,1.5298151567213163
5728,2.604192001623234
13048,0.842521753151056
18319,3.3140400288493987
16257,1.0441773453359406
4070,4.287325524526963
813,1.8525771553284263
18809,0.9196591939102503
20213,3.029978160809282
9193,2.1120256187934046
14745,1.1445940129720666
17618,2.8820839996466607
19771,0.8338925618149389
20015,1.1453865015841371
15622,3.131590817413473
16580,1.8807541587172414
2486,1.4977053174611816
4294,1.8853561821589226
6356,2.0860588560810225
18289,4.679817697415822
3354,0.7540170667522134
9126,1.5018220909083595
9791,1.4778928290355404
7160,1.519519345543568
17899,2.2183452001696176
6428,1.5954119845351633
7912,1.6564962152115066
20557,1.1342887828363333
16958,4.435696791992025
1298,1.7298592183208572
5427,3.4153661686747125
14785,1.4037419157918005
12706,1.0341763813965137
19031,2.7289818132149724
16511,1.2757223383294396
19677,1.0212206019882346
8766,3.7165134168830627
15502,2.800514001582477
10382,2.651430062048642
3394,3.521764390961618
128,3.5583677447946624
14865,1.6039793537626863
12205,1.8670382648402886
11828,1.38455510232024
5743,2.3500199146143834
7472,1.3787805403879443
719,2.021164727647324
13474,1.4362725883864125
9416,4.19938370086981
20404,3.0118834541122173
13540,0.9485417406562747
857,2.5942398669216993
20495,3.255417604984708
3951,2.9004083227153203
2517,1.079033903110018
17754,1.791389348833324
15619,4.38489381540276
1088,0.7629166818403749
3844,2.0413587279285843
5935,2.1429772240538063
8426,2.1256424035421047
9227,1.0725301000805585
2394,1.5144888234196596
20291,1.9266076219475907
14182,1.3557293637602998
1329,1.3333927572067807
13772,1.7097327196739176
5392,2.3423373095367297
15810,4.037612331277854
12311,1.4337441661961887
10679,2.8172362912782174
16740,2.8806349375487055
14096,1.2702566365178398
9225,0.878664422802086
20335,2.457961975624364
12873,1.2658919125932828
13444,1.0586903183292045
10891,1.7020982827644877
14616,1.3364965890343685
11498,4.424290951363221
9061,2.2499944841222
9399,4.6843774919561785
981,2.1254258539051762
17033,3.206458884298125
19174,2.2632952394210224
5218,1.4259452443629754
3019,1.1239601395043803
10787,2.91357408410288
19077,2.1823467219584534
3636,2.1555834644065985
19898,0.4558374658637367
16628,1.8540068320972967
2713,0.6762928468809475
6188,1.8685991236545092
16980,2.559603223403512
14752,1.6232952148555733
6921,1.3554364280747104
3670,1.4778135090057092
11687,2.3984729977370103
16559,1.10433116097103
18511,2.1953117881241564
3888,2.1711736828873165
11120,2.462241924749953
12114,1.5136321256421272
15331,1.8397597435043918
15841,4.075252756749739
6144,1.739452927439854
9251,1.907520865735461
8067,2.6531609011055273
6078,2.443717177303357
4107,5.080346423972158
134,4.042188423057469
1007,1.8407437891443905
6165,1.7194573361507903
12496,1.2294508858120792
3185,0.6279014442639659
13939,1.7637053276461994
4203,1.7176576692536054
5338,2.6998288019872425
9840,2.639684719708646
2797,1.1629276573939087
10546,2.1216402625082096
18270,4.922084970694793
7871,1.9117516750847894
17982,2.742900791284155
14091,1.6867709566279807
14915,1.444548342277792
8310,3.1745589871517477
2534,0.9631254759018643
5204,1.4177851069364884
19692,0.8773060743167788
2938,0.4137544272968152
6294,1.655230854995547
8454,2.193688838241572
5854,2.9991487830738848
452,1.9835025524101106
6897,2.0601546183076747
8811,3.4242636248293215
12929,1.067087609894225
7366,1.6600544971623625
20415,2.8631734178565305
11546,3.142774619780056
6683,2.5080828809097544
4376,1.9960082034948936
7725,2.5265340566090795
18499,1.8448769411026578
1816,2.021129184505473
5949,3.0844710582361445
2484,1.026433547118771
3376,1.8651588087558058
16253,0.6831801814246522
11267,1.9215465071347273
16081,3.1280684929566123
7640,2.449014995367124
5548,3.8874670280811094
3456,2.3540533382944564
6386,2.14868871153282
12390,2.218137505022555
1289,1.8417917086241244
3887,2.337791492112523
2782,0.6803102053440099
18116,3.467459492621876
5512,2.856048179348229
6434,2.033818369137007
8109,1.5960896395320967
10102,2.6589784794179705
1982,1.9687743888138685
17644,2.7210615776378417
15136,1.5853164752113382
19318,1.4922143193782649
4161,1.9033345927769367
2178,0.9629225075416266
3635,1.9814451434238927
5771,2.18204291161168
7884,2.0765705713981624
12965,1.5927317947378992
13542,1.1639300522895255
18736,0.9396848922177687
15755,3.575464377494375
8088,2.656843619140826
16181,0.766760872628814
5837,2.0426936947749335
2239,1.6268538073649168
5955,1.7274688964411462
4270,2.0986956326982633
3509,2.3958645204708398
9578,1.6086072708258758
12399,1.0414463003983323
485,1.6350201150228991
10958,1.5058749822073956
15889,1.811785681212125
6400,4.5726926043980045
20141,2.33670965537633
7525,1.3085770172860671
9277,3.0600914829280765
5765,1.8434154059303967
1720,3.0120962569632432
19324,1.3130553612085276
6211,1.497937583596723
11039,4.49024603002611
2752,0.6124290361465686
448,2.228813101692503
19987,0.5641384110283997
14262,0.9536070894226603
9962,2.8816499938939057
9230,0.9129518739095811
14375,3.2497318954549144
12073,1.4580679870046516
3223,0.6976002790640601
16247,0.806992475695083
16427,0.8519451671528109
16197,1.5217105605335184
11611,3.5128379931817566
7776,1.858724819534047
8655,4.086766479486323
9787,1.6534710268516168
10312,3.7849159994474166
17973,1.8189498424655086
18701,0.9740179420341524
181,1.8717154040018298
8280,2.712889036734236
9391,3.107484763984308
8779,2.3415034845518408
13975,1.1149024029157606
252,1.1442573521228054
10549,2.864687782651252
1513,2.4349373834776276
17517,3.365457823737389
19749,1.444588559694889
9832,2.6170600698752677
2865,1.025753589129443
9544,0.8519415249203445
8408,1.6787130264661891
12886,1.1853961558440895
3753,2.9620091883458266
17135,3.763856675792556
10985,2.2109739691638914
8059,1.9534937727937887
10691,1.5671501085392308
13036,1.0646955817526191
1528,3.018116535795592
1338,1.7670152422486995
13303,1.3188791517794751
689,1.9739292215008601
10008,1.1689298289106957
12270,1.3253738452336477
5251,5.278515127965177
14778,1.4766744824608296
17159,4.940621188154443
10582,3.21850395080456
13830,0.8430495708233514
8740,2.6613773482565954
7622,2.0417603556813053
14613,1.7574546979112875
20059,0.5242836474785589
19027,2.160423753753379
20464,2.788770035127168
15015,1.984761826163842
4286,2.220498452932134
6869,1.6616699623927311
20454,2.2101335020085235
18422,2.269284287732663
16109,2.6725382633321257
9235,1.156799266149942
14797,1.039580423611174
12851,0.9100702708212479
15842,3.087155545172782
4231,2.3686229197560285
10591,2.133650646130494
10290,3.2423084507009308
7176,1.412920195177577
8157,2.450948594296376
410,4.568224232026948
19301,1.5628746519445016
9359,3.4811753627866038
8380,1.9569416195054408
18621,3.224801430683382
2520,1.1844489346419815
13828,1.023362171963238
9144,2.314803578097677
10130,2.685843592597219
2458,0.9219050300740855
7224,1.5645901045495307
4046,5.183063343921025
18610,2.3493131959472047
4190,1.8546059186196564
12056,0.9825728332492352
9862,2.597580606935714
6207,3.853989416573662
14976,1.391700898780656
10280,2.487031627269162
4200,1.4367953446047945
17578,2.1439079096497036
7810,1.9143319372402965
19240,3.0039048380678257
14767,1.3884841328924469
867,2.4278864861480427
16072,2.7392357971293353
11291,2.164927659738936
17855,4.711958463302772
12515,1.339164642688746
3526,2.2888610895375816
994,2.865908451964713
5118,1.211152153982326
6163,1.969403855129663
12702,1.1609413067469585
4346,5.12911165987562
17377,1.2060660383149375
4195,2.3403403209022238
9099,1.5870974906534967
9888,1.324908427142494
14519,1.5517690019652404
3616,1.9243071625704002
8011,2.7252234725785773
4401,2.259282940931178
4035,4.121020906828772
1633,3.8414963528658808
17789,2.0361919661652403
15638,2.9839017690250738
9675,1.6435768982493615
14981,1.2611577250001877
2451,0.8109463496679601
14353,1.819211558187441
3827,2.0327200122526445
11041,4.2821097056193596
8351,3.159425751428792
327,1.1762773893924705
8243,1.5863336553524583
12796,0.6327940184257361
7878,2.014542682637092
5717,1.8826237968167179
9512,1.5809204889404003
12999,2.041939595813029
13763,1.090270081961288
18105,2.896597726097011
4541,1.6342850380195044
9587,1.5592751395537687
7753,1.6513330115790072
17682,2.274779854200452
16358,0.9168235422957149
13819,1.0715116417515773
2982,0.7754591436533285
18149,4.247567937260105
13130,0.7550319634443693
323,1.0772127760005736
17520,1.8593801437071626
7781,1.691590172106814
19485,1.188942480813144
1555,3.7704702757448953
384,1.4218326448788914
8397,1.6943181350225747
18807,0.8803815568530989
1769,1.497347377106815
12222,1.4067873703863858
15248,1.784744247317883
6259,1.4893520436831724
13073,0.8442214226548536
19016,1.4041470317784508
10324,3.730969383767025
9976,1.7165471808298134
17330,3.2052078334622274
3003,1.0142316769356783
2547,0.7546094323197265
8973,3.113792844717634
14111,1.1956172367372397
4606,4.98529634058113
4372,3.761502685518572
12934,1.9548857844176528
7140,1.6277165713089594
6491,1.7135564063569253
13095,0.9135658620911573
17742,3.1600578219783553
5611,1.4055327314204993
6217,1.9196699468604386
9192,2.378739617418857
3845,1.6256843128253762
1356,1.3907587816368927
2584,1.2639605581461242
8945,3.1142012164652084
14561,2.892493886587309
12930,1.9672494062845447
16046,2.5683640111227812
15250,2.9852304153569165
3510,2.4531202653882973
5077,1.7460682867488515
12631,0.9033353927884192
7426,1.3264577526834147
2215,3.7137614929692577
2327,1.0018374985684022
4978,1.519227121220519
16184,1.3774735083514822
9214,1.2870123427339764
10158,2.7820780334491673
2320,0.8445866364540591
15427,1.8110099709152359
9173,1.4233832296619768
8627,4.185882468434938
18104,4.0325475088403415
10338,2.506191275709049
4635,2.179123421395624
14962,1.9058185677844754
15978,3.766929994537008
16302,2.4486417960626214
4547,1.3593507647699339
6632,1.3131452795967262
18237,2.0503844980600765
20116,0.8564150044183
9195,2.015954388778906
3351,0.744271573661755
4253,3.0962040849448784
15342,1.9362506318907318
9877,1.4379340303679942
15379,2.071020226550733
17151,3.2214490206792474
16892,4.328982664096045
16467,1.3335575044608095
14419,2.5387107952218
2506,1.1230377447438702
32,1.2193326518010421
14859,1.526566940419216
11623,2.461133426905373
7855,1.8649973344307316
20511,0.7647799722441114
15653,2.6687088319732126
5044,1.5784396099163505
10575,1.0019770029375397
20193,1.6937668502342238
16297,0.8202007859268596
12523,1.2919244067637952
4897,1.412782290182602
20304,2.35399832336168
13994,0.8898121003432463
2715,0.8215397822560637
12572,0.9915088128306613
6479,1.8456036177074993
4045,5.167932970779864
2642,1.023234354657599
16435,3.0534361886637598
14312,1.0569798070246026
3249,0.7838943609352887
248,1.428774118412065
2347,1.1240163273325432
14705,2.2711461381369378
7354,1.470687738678015
12372,2.9993299375338722
656,2.292862546050369
10992,1.8611906629288408
19732,0.742171920826373
6696,2.234006418388725
11734,0.9566735569734295
10031,1.1036708729549625
8256,2.312164088507111
11082,1.9945710533190366
6600,1.7648386415650212
2753,0.6387433328400812
18772,0.7128292935020148
2027,0.5491987631249461
17854,2.4611886613430647
929,3.823582524585276
19207,1.3962010456935892
10275,1.550314413030488
3296,1.1152372107149562
6088,1.8583460340165485
7027,1.5230778290529292
14341,2.1077308205855045
3143,1.20542030637442
14315,0.9947305074246152
3644,2.11897922563411
12009,1.5885886464490706
17866,3.5248469908298437
18137,3.015271286797833
12736,2.4691069302193607
12077,1.3814475068370335
11922,1.0747689017928914
116,2.3679993423055388
6770,2.6087804542797093
3822,2.1157249911408993
6518,1.822220231896939
1969,1.4849094313035087
15965,2.707499243278426
11824,1.0346511463451162
18980,1.3222368861671927
12912,2.949680178671563
17503,1.824575789593455
17200,4.089338406407283
6845,1.7873500049253805
18193,2.6064335165873564
2409,0.796540141684592
12580,0.6722355033669393
4049,5.180929650264677
18240,2.824250331443022
5686,4.0822551033241785
9939,2.0678821496110085
16788,2.9645605057377957
10747,3.712928805576085
9729,2.10408832768149
13454,1.2273719008562973
2586,0.8277454925292818
6651,2.5987746140375796
18022,3.3776296649392643
16108,2.288253091246553
12054,0.8210945090815023
14373,4.091920895769765
11130,1.6979709142014177
17036,3.2649106064774625
1573,2.7778857336199163
3012,1.6982363922594959
5048,4.106942206715926
5867,2.1516026681435223
10902,2.3835489968476913
9956,2.6665073087080047
12182,0.8629353879798294
19089,2.1763126344593164
16578,1.6506670044604164
16932,2.6763149317592436
5353,5.0121547684847645
19467,1.184251726946608
2387,0.8445866364540591
4975,1.4674868763903834
10903,1.2843720714026174
12518,0.7988982123234597
19146,1.9033388896024672
1612,2.6233740870688664
2044,1.5753730240464774
20420,3.384251754197628
1148,0.6964491080557934
3979,2.8434597521443723
19250,1.7158846692536633
4050,5.154739324990075
8936,3.205686198779484
5972,1.726330527673904
16589,1.234040730228272
12327,1.0807247807967666
18079,4.786647171336968
16219,1.3707347686167035
4549,3.433683852343652
1347,2.3676877439551696
5703,2.6683369688018304
12221,2.5527526043213564
15482,1.7281940767555515
18029,2.502952952059523
18623,2.698362038222842
16492,1.1916532024735267
15239,2.822629796306582
10209,2.649652278753976
7809,1.9333812640631223
4610,1.7553327288306095
11844,0.9511279679911854
9967,2.4249696368280076
11290,2.6300658198180376
12558,0.9172828004642396
6926,1.6492837414324766
14504,1.899133129056163
9860,1.8110139456251222
7650,2.033009109499846
4548,1.8295479247254265
4344,1.7945879117805696
15290,2.494790242058812
2142,1.229096889956659
11104,1.9515566406910148
2459,1.0830896422010934
17021,3.0869204881115566
7718,1.9138057755691473
18381,4.670867216238999
17732,2.0328150891517844
13910,0.8823577737206997
2685,1.1936390131811252
3397,2.328606532758085
3512,2.8311512655058255
16632,1.7675407914476637
266,1.618309006199208
10613,3.827816697794473
1476,1.3102302020168914
3966,2.271258538468449
18688,1.8839554686478661
16719,1.3769913597381642
16007,4.0866684884796065
7902,2.3759659074611164
17470,2.971876786514869
3231,0.49397909039489174
9041,1.6089850295495625
2519,0.8655140182990784
6276,1.3356075142910806
11064,2.2027122239384016
5747,2.699834692464874
4697,3.0637490249070276
3734,2.0415653502651447
4157,1.6446893888554994
16305,3.9149761509285255
9453,1.1880219783466535
13942,0.9197720834238762
3283,1.0813034533915422
4462,3.007606597166758
696,1.6877373165103569
10213,2.499980564914381
18124,2.508573767302507
10264,2.3339360491844126
18058,3.2384147150508302
1262,1.6628966548429844
18777,0.81833334865904
1581,3.91064609340761
4394,1.8092543253260234
20507,3.423329723720911
10093,1.8041098163335567
9614,0.9817530059723225
12545,2.42919446942586
11007,3.461158035749676
9211,1.0089664158604905
15197,2.909150574326954
1164,0.7833007608054412
3895,2.297728707925747
2091,0.5899732346281417
17473,3.385196081284472
140,3.766007681449647
3920,2.5201613432307726
19942,0.7455535757486227
15489,1.4885111116586025
3571,2.599480080088462
6493,1.7342047120175037
12149,1.3251677311109182
4073,5.165250326259687
11451,2.994996755005497
2813,0.759545591336608
10206,2.724914476539183
9793,3.3860743680154246
13263,2.2621106771886046
16239,2.198801643809134
20369,2.4436500291037593
2504,0.773841660538834
3560,2.2145496873973753
9635,1.5379972826002073
15719,2.6325003510066796
10690,1.5132128826703393
16979,2.6722828643129364
13635,1.1897958437622782
4167,1.68371795819305
14162,1.6460444574578077
19358,1.369386207808644
19228,3.277936303695966
4795,2.3663165412109826
15501,4.1706183789780065
7126,1.8292991384158277
10075,1.4596189044935937
15324,1.6112896533395116
14031,2.004782141418026
6670,3.125205336487445
12472,1.1595592294389307
16796,2.6991029282451957
15507,1.3133846076434896
15920,2.8520419374669044
19238,3.506383838297739
13915,0.6859567118564202
9433,2.0885403335924293
1228,0.968882163759128
12460,0.9145297092989982
16901,3.2573972755013774
5419,4.197585173258044
19155,2.2348320023931265
13484,1.2833846906175876
1711,1.8076123296021007
7517,1.6187095075701228
3520,2.5175740687106605
18861,2.0223299988257213
2754,0.7456858440313742
12287,1.408929860368251
12782,0.5803722717954732
2617,1.0160075807097213
10672,4.542145531335847
10370,2.053290177258151
12244,1.1556063223495603
10014,1.343375385338678
15585,1.5133375465236756
4741,3.054731600807557
15269,2.1982063691678495
5422,3.7820580431058386
18283,4.955421617556086
4833,1.5035389017379255
10444,2.7955876389864573
4700,3.3818525108519317
4345,1.6406868897300644
10548,3.0555515464349083
12385,1.5263728527320912
19213,1.834305646498925
1203,0.7312450870720971
211,1.6963992252990012
4581,1.9665418699574153
16314,3.0482555365612347
9626,0.7491847435874079
11845,0.8434109561452888
6706,3.2816331300742747
17130,1.7229017758243679
11439,2.878417707000165
15906,2.1071076311827515
425,3.5871058253857764
14494,2.1673321123795763
9607,1.048799624343896
15824,2.600221803039177
14165,1.260467515686734
12661,0.8987917313236722
1806,1.2702881445970173
9566,1.0780583929521041
8843,3.1731924710476926
13867,1.172619677893228
3389,3.416502832905823
20276,2.187177439112245
4872,1.6520373403814792
328,1.4438865425607361
7276,1.360787538993332
12015,3.1418816420071676
11273,1.777564243975257
7699,2.3022411733666677
5091,1.2119453996231127
19395,1.0296264608603687
89,1.5203089784336614
13953,3.0971684715506824
16422,1.210892217187175
16771,2.4754948772132095
10092,2.400801515763584
20170,2.2072456169595838
9009,4.66611780727005
6249,1.5765940951538255
1057,0.8769973938681372
2203,1.6235640182884765
1085,0.8409909207223221
2947,0.46813915449864535
4144,1.4432872508294405
18011,2.901087673096405
10376,3.4869449178493537
8234,1.6466627455989282
3523,2.5024026784055677
2393,1.7516569053021869
7412,1.477930380620556
1206,0.8646910440549648
16163,3.0096973527779163
6182,2.698912722343767
4942,1.361743550033933
2151,0.8783061705768693
16815,2.9675455867871015
19622,1.1680178197905258
10430,2.8539136978842494
6064,2.57267494264129
13534,1.2379465898338482
14004,0.46641207518944117
2606,1.3239542042618904
20606,0.7321312182034916
20309,1.851575559509491
15176,2.7480887577105433
5484,3.060710077898919
1748,1.1568038575795896
2406,0.5174803617655258
14763,1.1139857792201482
14158,1.5622840505559221
8238,2.209959435880794
15288,2.273504233035704
5334,2.9926790828237935
14747,1.4096806368129744
11409,2.8171555039539404
4511,1.23970556806359
3480,3.825015450569579
5509,2.8397029282467203
11199,1.4391241282032146
5864,2.551616832514706
1730,1.484651284668728
14203,1.323366561510118
13941,1.1062348959389492
3144,1.0889682729070285
17478,1.968334969767014
20227,1.6277261718760758
222,1.6092877157107515
11019,4.296827027359871
2146,0.7321257468874205
20217,3.3171457390604204
4004,3.3959839186103853
12375,1.8126297293117921
3972,2.3693229579773805
5216,1.3286027617081715
15081,1.4029447737960636
500,1.2389198969964719
2120,0.6419632486165325
1511,3.4425741201790268
5569,1.939627351180451
2790,0.6618263704715054
13876,0.8842938416827731
11404,2.0095132348318536
6016,1.6484413355255254
18554,2.204588969700992
18795,0.8878095425835506
5046,2.623942834082038
7672,1.7626792031881175
19172,2.0755364663767257
15102,1.3466706379569675
6905,1.7876284243333975
20018,1.1405839210151956
467,2.050557175841084
60,1.6615263217792862
6162,1.9923751726129106
4985,1.7564865830667773
5654,2.359291598308801
15954,2.7469803173642275
12234,1.0871656230575124
11899,3.613098338831876
3777,3.1568666029010344
4875,1.5888623391242687
10661,2.5232955803981074
7792,1.5442645417436303
13083,1.1582340212231437
8285,2.894294011387714
17347,2.1231009808432506
13511,0.9116743755991645
20101,0.8239460943779218
9196,1.3126162192930964
879,2.2170687836580303
12578,0.9652329149515984
16241,1.245991193680326
16203,0.671529240871906
16074,3.102304146075895
12137,1.4802332542835726
3422,1.5068796962697015
6498,1.5019045534795874
11585,2.56859747121318
1403,2.3087804562163985
3063,0.8267668375059396
12345,1.1302257919832148
12504,1.528798488818493
20612,0.7729166120003503
18534,1.5466045127455128
19162,2.2148905501034766
18855,1.335353894546768
11733,0.9181340989111444
5938,1.8389694873218896
1963,1.1316040286810112
4339,1.9447833192598596
201,1.664009921463789
12224,1.852275348015535
14421,2.225854412700046
7842,1.6840772021807544
4405,1.8110766839129682
17879,2.860890925589555
11093,2.223744164002286
16677,2.156654270220275
4731,2.438769614568023
13399,1.42047910109159
13518,0.9985258807299104
899,2.0809645455326975
9526,2.066028640239134
4085,3.7556501986309483
9458,0.8484846137828203
1454,1.8244108600295734
8509,2.4025503365135537
3726,2.3187988570319824
13949,1.4167533543863788
11900,3.529242568733225
1093,1.5238510117144288
11881,1.6421691282703603
9422,2.46329946710815
15495,2.7551480503482395
8613,2.8400120689468418
1863,1.0532725263683842
19497,1.909467661659539
5171,1.3122945777480843
14958,3.0601041363807875
15068,1.2963186912055393
6468,2.428791371954712
16878,4.44869650143402
3837,2.5638238208284863
19003,1.632517007269243
2899,0.5988617787919807
18890,1.1859279037148363
10889,2.8986002839428466
7733,2.067035982070962
6154,1.7144467837471096
10030,1.03596982466729
7403,1.1569919990278685
13625,0.8063444121246146
11226,2.620490068482972
8137,2.4035740278783853
9103,1.4406880945180993
18311,3.458686578574453
15910,3.6754489653943234
8798,5.010811812033523
5212,1.4344256525197159
9533,0.9940550599323543
13359,1.335446789832427
6877,1.5576977048212157
11727,0.7154026322212226
8959,3.7880862111686295
11718,1.4101720391682517
4129,2.2956797511530915
12087,1.7862312511834688
15882,2.155205602603846
6384,2.9496015773352866
12528,0.8607018202460377
19272,2.691743412068257
17143,3.277467547205636
1283,1.1322189821114619
18218,3.7571451690514124
4844,1.3360501164235614
7651,1.9589068896607256
15707,2.7618794004532212
19903,0.8620181723041923
8084,1.708498782605499
2128,1.130835028850579
14830,1.169680261856278
4528,1.6441552890347066
5378,2.7266726216024795
2863,1.2045274396427714
3116,0.5650955645813023
3324,1.3135711586531038
5465,3.018163948665745
9238,0.6205409925673377
1535,2.191660334207032
4412,3.6181817550324693
17878,2.022686428090881
3190,1.374457065821126
15969,2.110282337655969
15286,2.1323063069810924
6260,1.8993404522345754
1979,1.2625804888312047
2134,0.5510151253771222
2271,0.8344999003901249
12095,1.8673148252298761
20319,1.7902953530079437
5941,1.3574349827363223
10995,2.4985711296833912
13621,0.8195037924101957
15110,1.5875579082516875
14877,1.4303532538943808
15334,2.2236245064052818
1490,1.1219431475715165
16133,2.6102755585489588
1115,0.8863909753641106
6608,1.8634617025274263
14360,3.8844274909657392
19952,1.1526245815032703
6689,2.45360142272492
15658,3.2722491558777085
3278,1.1365856449631904
4910,1.5214710522538377
14952,1.2962089878494563
9296,3.7643077017636117
4352,2.9122240122260687
16787,2.705747219702176
11016,3.6574584445985425
15016,1.6081556614793329
16970,3.0898205487254375
1625,2.9952242486891008
16357,1.272409462207264
6663,2.2921967485677976
13515,1.1625375402901
18274,4.602468208337784
4150,1.7938283254140268
10263,2.947759387384774
8528,3.0803582946539136
4575,1.7839737748075235
15182,2.7085416433768574
1713,1.69278326320085
10367,3.4006075017542132
14959,2.0307850858897045
14274,0.8695624194459123
2749,1.2664355525995767
1259,1.6232877124167358
11787,2.0006179812813394
5140,1.2628440460256802
18387,3.5875959012259195
20232,3.1594930067908504
8914,2.925695759356276
17213,2.520372775840635
17078,2.6318391954955187
274,2.429607143416352
14670,2.2600060909787874
8933,3.5955314831380267
13431,1.2946083527314527
13973,1.1056975075085187
17407,1.3699436804335383
4111,4.452056116362985
10804,3.392571384446146
15883,1.9022020972728255
16001,2.885869922791715
14576,2.4958532479934874
10962,1.6145571074067893
16806,2.5454268116039267
15007,1.746840195076143
1064,1.3234319226656361
16542,1.6604109705502255
11806,1.042375643585504
15961,2.714623354166405
9057,1.347821330057583
16156,2.6408941448330245
15665,4.3049346244049085
7922,1.831731399733498
13524,1.3072839384838622
11842,0.9077748649741154
16900,3.814964241801512
17782,1.7103423626646121
17373,1.9981662955409085
12594,0.8713275402515573
4098,4.486111265855288
17991,2.45457185899707
6686,2.9818442507478076
7179,1.8528136433887075
4619,2.0762959913744434
14922,1.2313015850008395
19279,1.442734912902002
19060,2.1530571586184672
20185,2.4844353877724816
11769,1.2775381759279396
9460,0.9490878298754546
3975,3.5333221495559517
9321,2.589211771293874
6109,1.9011558051231623
19940,0.7600510242469858
7626,1.875499876182156
13846,0.8266648634927561
20281,1.7909739261604165
3166,0.7285100163370543
3506,2.2391911550252974
1605,2.488142617977189
18879,1.2482315706859892
18970,1.374931319892839
12899,1.4491349199535801
16454,0.815542558245845
18012,2.478471893697522
18001,2.818895686909647
4011,3.490346193930567
19798,0.7546094323197265
20615,0.7696019501636737
16272,0.6811447642053958
13357,1.6959953362515112
424,3.676769767605521
6374,2.44110788403156
19528,1.5528411359859686
16939,5.241416490906283
258,1.262144175626691
3493,2.4768448530598026
14048,1.6852572962794723
17976,2.9609638622150207
6511,1.8234632349231097
20179,3.294885147137575
14686,2.8769399140965004
15210,2.4878724229520164
16075,2.8385436112661093
9427,3.481606860133709
8328,1.459894112597749
6312,2.266887301548618
19846,0.43712284410767055
14880,1.497611544277811
15509,1.540914825000272
3754,2.988294405850224
10885,2.9386741578045097
7469,1.4492190473396784
17877,2.2738750948887794
12550,1.0060161927609133
1744,1.131363069047061
15249,3.442413758689283
1444,2.356098109132949
19063,2.141188288017425
17709,1.6281050234202044
347,1.3450562974629519
11163,2.014762694328099
12057,0.8867874293440382
17684,2.837476438811937
15983,3.3064906790516835
17490,1.9509684351912746
8730,2.3470379547609097
11278,1.872556297196806
8808,4.575868914009792
14588,2.050245800097003
7121,2.4579023078482742
18076,4.7133642286742585
4414,1.8092543253260234
11072,2.454221318370191
5503,4.236229626132679
6809,2.042005452246343
15790,2.752636452921224
19480,1.4887760492506195
19394,1.1782928219666682
2248,1.3241997596722148
2009,0.5857520213761276
18840,0.9901260093085603
8224,1.7134430482527232
19034,1.982215536106192
2278,2.5027990267433844
2877,0.5739786100113957
8058,2.0304067072237255
18963,1.3184402490182743
8689,2.5566232428273628
5183,1.2019189446535794
10343,2.3630852890759204
15686,4.490093483487397
14322,1.4977036030286648
1062,1.26188485296705
11613,2.389693143700221
641,1.9892336384783633
2623,0.8119471635588865
8497,2.179876049643504
104,2.3049012790878245
17575,1.8023148683293353
6149,1.379901402266276
8617,3.794648930913835
12241,1.0191326408188588
14908,1.8543871267117902
8123,1.3529218142459671
15067,1.1761609389934622
3529,2.552969632420877
18670,1.675257199633535
14105,1.1431743162677839
11068,1.923466824882615
17843,2.730858125059771
18209,3.475284969560033
3074,0.5392101723075151
15887,1.690698331710403
11377,2.2399537337302897
11848,0.9244958759252696
14704,2.5618396557679564
20198,2.581078779838236
14324,1.296374891465469
10657,2.0387862664643457
19367,1.712922090827114
3107,1.4858087586098234
13445,1.0385945058567891
10576,3.4298144732891562
8261,2.325890161102505
15113,1.6974141021425397
2251,3.221867876415453
20376,4.482095480437662
12551,2.0529570913101995
12170,1.2068597359900024
16990,4.058708894970456
20078,0.9794614085850467
6917,3.8870700758122685
12664,0.9372341825737077
8562,3.3693776564675972
7668,1.6472155560232338
4259,3.7484361568170455
12799,0.6856412030220331
3639,2.019023372774476
9713,2.575173534832249
10713,2.5985234945608644
14870,1.4191376465445322
58,1.1200777387496905
6495,1.8653093111774022
14875,1.0685934842320488
14701,2.556519168749366
9812,4.750261591407828
11597,4.035362276337281
14678,2.413883515692593
12161,1.3828664159105821
20338,2.6857734582125863
15775,3.9592314203430288
17923,2.382196703948415
460,1.412681152918404
17604,2.770844000212397
17384,2.182548321511417
16800,2.7814524568117505
5894,2.575534808028204
16112,2.5971837875964376
10415,2.199389392594294
11001,4.601260886102243
8031,2.2152849568700463
17700,1.8917207249607026
4442,1.4768176846820442
8204,1.7486865829063825
8932,3.0604965094080736
17872,1.808000234279587
19684,1.0544376119750156
16040,2.5975530366654462
4179,1.649663750816316
5100,1.8489195612460647
2154,2.0713729504282203
4520,1.4711137944890773
12481,1.198981443875196
14193,1.4737346110859222
5231,1.2666505520069276
12770,0.9817968716386107
16535,1.517037592810008
11477,2.8867928359322437
16822,2.755843687193446
20484,2.5099137750075213
380,1.299011049957592
6268,1.7816819427608463
13352,1.8308589564173015
20515,1.10312782832163
3579,1.824333404691928
2362,1.5798206155280046
20325,1.8351178227732146
10135,2.407684616696729
12923,1.3870414740489536
2004,0.7019687277633709
18773,0.7554728863087249
7122,2.1865163966575816
19375,1.0101141306492794
7998,2.091127176309338
8490,1.8924152643103624
650,2.339942940822709
13198,1.288262691456881
14422,1.8412227925880746
8940,3.729474023027607
15275,2.0820634519659933
2200,1.9874402689953061
8733,1.8914817711719782
6246,1.5057098164398455
16433,1.5829534407039163
13509,0.7547312986233501
912,2.4796159257675314
11833,1.3151100765991506
14506,2.5610921851211406
6146,1.871145968155556
14888,1.413368454144276
12928,1.858757181554882
5116,1.7105742203068317
8500,2.2864414442382293
10677,4.26291663726281
10563,4.349468771608511
6742,2.350109686776155
18578,1.4786452393246297
8143,2.4428337474024158
5690,2.605576457854077
19538,1.3118189605263437
20618,1.0583496551619396
9403,2.8991649801280204
19520,1.0352517692307892
12816,1.3569229137413092
9502,1.6911652686339749
3112,0.518696176722475
17793,1.8379135510634228
19700,1.4373559060049168
14835,1.0463294533480274
16179,2.213101859215843
3948,1.9615818160237994
5166,1.3172201775682346
7242,1.5927062407767842
10793,4.738795652855636
4919,1.3407343254151567
5514,2.443219335126252
15903,2.650500343706612
3590,2.4176544875541985
2481,1.0348964295095968
3172,0.8465359980571254
17806,2.005792170610428
10680,2.4840816701542563
6661,2.1550688073645774
468,2.064265928297098
4950,1.5769606041247817
7853,1.8059232180522964
3572,4.644803087903685
3533,2.9991857819534737
2879,0.5852598226028575
827,2.2800454889699973
12439,0.6975999051001942
6516,1.5766941978144318
9652,1.0012661316056954
16066,2.960516752121858
19277,1.4053477248523294
3406,3.9517726941534312
19890,0.7607725689725148
5590,2.0377103437626167
18608,4.267946797460277
2172,1.098016245212741
5383,3.083086747518317
11366,2.5947935332673135
15859,2.5518556998602167
10357,3.123361633302564
20241,2.219916786109005
3395,1.9629298831297766
483,1.6309776259733533
8986,3.9998697772356016
5944,2.084912961211052
17438,2.205118341885282
13633,0.9296890707756161
11293,1.8984220473074311
12011,1.3538845220713187
2622,1.7829554068915257
8787,4.412562134345806
7913,1.7250631492868738
11805,1.109396916281532
5036,1.9294780416022521
13374,2.029136232581844
2704,0.8594076837212722
14775,1.2297568625350226
3201,1.0751764163245177
9996,1.4117610043560023
6073,4.031524768789776
4,3.2951508678366146
3980,2.4259881862691586
13189,1.3656024681236876
14529,1.9817884572688786
5175,1.272435971524596
3589,2.0196477515198716
4154,1.9301316610000363
18987,1.6281094157002907
5305,5.13508770856426
8469,2.181001672294228
17085,1.875148182840174
19157,2.0678409695038065
17787,1.9947686448260125
4120,2.985382118589789
345,1.2175719706435808
5294,4.87528400353304
4074,4.6463411891250415
18888,1.3344024414065845
19282,2.1090361805529074
17511,1.7153833957640694
17475,2.494447433523433
13782,1.2255925325122516
7299,1.4427528502555658
9115,1.9434499718618028
11210,1.446500500622021
11032,2.5554842604472205
3624,1.8412159889027315
20008,0.6167610908160538
8095,1.939996943208439
8193,2.52472211401947
2196,1.1818754407009755
12340,1.859043246863321
4565,1.5724412380264827
4848,1.4634785914436796
43,1.456663754829518
9935,1.7889797805439824
19285,1.807588180158157
1523,1.8567140659840744
4443,1.570797124656518
8903,3.004464392394127
5113,2.053362475328119
2113,0.4896601501829174
7110,1.7974063434603196
10414,2.4445286604117853
796,1.5819492927649388
12511,0.992059203792323
8736,2.167758954898469
18242,3.0383760615343123
6832,1.907426953298543
18920,2.5353581195079444
3335,2.639734307092313
14706,2.8509806618469824
15613,1.8107547636434556
4014,4.106362907554021
17111,5.074072819515326
10431,2.6469118738936315
9401,4.3901053638294485
3708,1.7001559821801546
18962,1.2271833015668814
5437,2.6298409258742015
2326,1.04293114726361
18808,0.6613745951197265
9478,1.3923851062758679
47,1.9829757561170123
20463,2.8719755054347047
4752,1.6514266806805076
13299,1.270196341604372
5565,2.0601543087128857
16017,5.000986980694058
17132,2.61854837691368
11753,1.0984445919668016
2309,1.2522401848786033
13499,0.6936036199879411
10541,3.4671157172568696
17954,3.4657394642121786
16848,2.77371160085525
8815,4.887033787338202
18676,3.5364824735069362
19189,1.9628242570371313
20215,2.8872092263549662
17376,1.958775879267892
15147,2.250656761362152
11504,4.029314327450611
2916,2.382568077736424
11326,1.7687561412019808
18484,1.8216508820239863
7251,1.4215469092386612
13553,0.8199616014011053
14895,1.3916580067507152
8353,3.066839719843657
3471,1.7756250378332936
10022,0.8268065621295158
15362,2.0484057790416736
2795,0.7549274009079978
19504,1.2833598198394367
709,1.6735291337014473
820,1.766428665726173
9684,1.8336734290307903
3036,1.3623219621518199
11298,2.2864040323187904
17513,2.7165037955102664
3795,3.4814314626291543
14489,4.5423632063114
4521,1.7164281726640624
16161,2.694249668144019
4672,1.859151239150157
11300,1.9967828329491688
8817,4.993812446301342
7145,1.711885469106295
4192,2.5195981695867578
4297,1.9226478090419232
4885,1.362113573029166
14175,1.4126226242760591
10192,2.3187714160295796
645,3.9027060636153927
15149,1.6747565563259899
13891,0.6190952842086506
14426,2.94526369588364
14579,1.7603051065121782
14352,2.0421387906471304
8060,1.6097058564193143
8966,2.359353282088697
8695,2.255278738641578
16575,1.9330688722240745
11641,2.3711344692788416
8226,1.7035771804119872
5457,2.507819450813742
16701,1.2831334347752168
8744,2.64669091215466
8136,2.657975157808825
15538,1.44423041501279
15209,2.3829256366023777
12811,0.8537091690360845
10046,1.4766030005289361
19197,2.2560294264261236
1431,1.8602809156432305
13486,1.418468464831664
6351,2.558051273835759
16494,1.5295362381149984
18949,2.0375554504189943
10952,1.4883049811726912
13321,1.1759220603688347
4308,1.995470680319904
8248,1.5363034265076365
11774,0.8869846131212
7900,2.1676689817432515
11568,2.009814893611555
13736,2.3893098601088525
8910,2.58847647642549
2857,1.4296403215400417
11331,1.918560639183251
7918,1.6954032327645898
6960,1.98107387121973
19837,0.777480848573253
14177,1.7676095973574084
4038,3.155919118372602
17177,3.287271281900853
19039,1.2111974742219043
5710,2.3295953845776816
5793,1.8992453229137698
17326,2.554136598830058
4984,1.7330832014734576
7841,1.664594815927694
12755,1.1276512413976032
2118,0.895007779500649
7749,1.8196772900611808
669,1.925245869052114
1163,0.7676347177556747
5032,1.9760067796001948
2580,1.248618981637131
15460,2.2258150483866292
8819,4.110829602627833
7271,1.396957622911039
17412,1.1112251283917238
432,2.6109681668963303
4936,1.4867315663494987
6307,1.9123118068919602
11545,3.3695335887518527
10040,1.2460498199968992
19373,1.5184226987905427
5460,2.2688465778907503
3129,1.2687694135039915
5306,5.334092913538106
4374,3.4278498761907037
13143,0.7963239531564362
7304,1.5001540696950888
16270,0.7215647251297026
10073,0.8099254448048395
11959,1.5944257045277306
6329,2.5034383680693857
14469,4.845055372243493
316,1.2861399191362892
7186,1.523986863868815
15926,2.9046630908107103
16519,1.3586390061079432
1420,2.068131941619357
2555,0.8815277330069952
18211,3.284360805425016
18596,2.4734028893567306
10526,2.8742995798688313
7016,1.974404595581796
15967,2.4131976051608137
3170,0.7005248580933258
15880,2.1249270407920924
9926,2.6467831224395155
294,1.62669892064748
20639,0.7908475259153148
11475,1.597544203468316
12762,1.2477435632800142
19012,1.406827037731823
12969,0.8779273121982759
20471,2.350450829683474
908,2.704015430059558
3234,0.6512869693902769
6978,4.439688218386821
6341,1.6484355186966522
1995,0.5322484759057281
1705,1.4469652945928737
5479,2.851403351094846
12958,1.3336976576878048
978,4.488028078742048
15996,4.037729451738109
18353,5.0258786164036
10910,1.8266158992941204
622,2.561406613687416
10773,3.308729991073509
5997,1.1862188060231993
12135,1.5507422796663293
15772,3.599321038670331
1154,1.3494431060252996
7478,1.4465796854473496
9327,2.8351918931516575
587,3.4086759396313155
4510,1.6080840600272701
6445,3.2365859004936053
11099,3.2812478827730547
7137,1.8544387394615724
4032,3.4823103088465257
7039,1.6754157515224708
6316,3.0209388052254433
14904,1.3687163250312369
18811,0.7680170590303902
9661,0.8312943061448705
14411,2.631926718262334
8026,2.4855686809331887
5043,1.7046494331704514
6620,3.472844316267036
853,2.014156922069752
11277,1.69758107146948
8938,3.420064145940601
12210,1.3899725075101081
12111,1.1240534357463776
1340,1.228221865114673
20326,2.377117667949083
14340,2.4520520061088966
3462,2.286403376195132
4773,1.872972075596754
15992,2.8432634020075107
737,1.9191876497915754
4931,1.24464191837269
3932,2.0612632825655264
10145,2.5029514731406786
7886,1.9259412772448894
451,2.1039790713018514
12621,2.45697249546463
3342,1.1825128189730365
11977,1.5668677999165992
4771,1.688295920635644
3539,2.8352401205957483
14055,1.6730430350893104
19028,2.5384736724049923
18546,2.6046929232006626
2989,0.9123703718211119
3464,2.137563642625145
16073,2.7905642434702527
17595,3.0742665934046065
1145,0.7901289480324879
3508,2.4971928264996484
17953,2.73529268261047
5733,3.9002565233580553
1238,1.0271785844029957
17156,4.08721754764563
2951,0.5225132602488723
9586,1.318356465114786
8281,2.6515090409130107
8889,3.7021236448938244
12793,1.243728695077742
42,1.6397435395148456
8757,2.680579718538208
14470,4.667532845963429
9444,1.450088418452738
12823,3.5412030498671423
13120,1.5484630252560738
17646,2.4432530457025408
16705,1.7612820747847169
2035,0.5862461825455726
1124,1.0379489072723664
2316,1.3301749735903439
9299,3.7513631038534307
12970,1.4567872836935665
14400,2.5692104619365503
2618,1.2465500470828597
16826,2.593729933297612
7357,1.481298920372738
1348,2.230077405460622
16554,1.775198801196854
8467,2.1201332703921048
2313,1.5410374679206411
2535,1.0331297678991809
20501,2.825772714971734
17062,2.305442191892031
17398,1.04068354628933
6881,1.5666719017775779
15139,1.5002090938427326
91,1.8200322252076755
12483,1.391230244000792
36,1.4300040842219472
4357,3.028496535956863
9903,1.3852391440835303
4837,1.498357118893275
18392,3.3213453097156878
7349,1.3898725780811685
8666,3.594067096592762
706,2.676421328259897
2208,1.8526478884964437
7519,1.603273171590305
6694,2.943223006111135
7882,2.314816980447771
10993,2.4403669421641014
3212,0.728371670619913
15078,2.635974543602925
4292,2.217567412973628
6660,2.6130674956379565
15610,2.872892811814374
8510,2.281016629820928
17753,1.7518456869872778
7803,1.9402645905506246
6189,1.8483436108690219
15431,1.6410338942111282
5953,1.7855174607527158
2003,0.5770252610968764
4326,3.490695729709336
3994,3.7228673879244973
3266,1.4188197745173645
15522,1.1018484256587326
4775,1.7219289343390667
15822,2.7289983203192394
12847,0.95913894009839
2677,1.0706997291081757
3208,1.20649206655293
19095,2.154582675416995
6914,3.258116486759
7467,1.5617056273134424
18225,2.8440826667882275
16862,2.260072018111526
15552,1.3951728522521938
12069,1.660018600048176
7783,2.1667931950812207
1867,0.7639136830837313
2222,2.1035649484603263
2931,0.4998898032137255
14640,2.351573130344727
13009,0.7342472949721387
2930,0.5149857523818163
10425,2.509924078379701
652,2.142488271475334
2700,0.6212146745493076
11625,2.6329754514056414
3807,1.9126118914246486
15014,2.0074609246705166
4016,4.769986806651693
12640,0.7047850024100862
14234,1.435500803377576
10599,4.019880294069953
16115,2.7808214842164514
12320,1.1937431843657238
12814,1.3910778144675435
19982,1.1960137708610457
18,1.6211928570983343
4439,1.4864047395316047
17654,1.8890752038583654
7173,1.3613799720631696
12835,1.1658821744528505
8198,2.2179150371263736
2725,0.7402601572184333
6003,1.3600234564243465
4823,2.0593160305883202
14685,3.2362528094552636
4338,2.133091186530718
17593,2.2302462734948985
648,1.8720068087454174
14573,2.278649992373323
10882,2.068016617313265
9335,3.004306236416827
1322,0.8092585269118722
14356,2.423260571270666
16734,0.9772452532437248
1906,1.2801222379574408
20579,1.0706381937754903
10035,0.8700685677865029
14569,1.9427998459170743
19885,0.9787161364040163
20305,2.2171679936728017
3316,1.3439184553886123
5720,3.0522353442465984
17630,2.4451086641915185
1430,1.6948004724811851
20481,2.711448605256777
17024,4.820229610207304
218,1.4736405759857332
15805,4.233255323388914
8104,1.8128073041448376
15301,1.8601728628235785
1397,1.5362537958855316
7590,1.704638151503992
14214,1.3928798961535362
14709,2.0697654373692287
2726,0.7090557847922305
1740,1.3920056726334762
19125,2.5234747161891553
15737,3.430876479774537
8422,2.0449209115734415
13554,0.7296095415341747
12322,1.1085436570415297
17648,2.161177968350315
20498,2.8477443403775187
18179,2.65812307553722
5636,1.7077215562342771
16013,5.000868854097213
11762,1.816219652372655
19980,0.8535090914570935
16601,1.0553803349747486
13810,0.5235728328223835
18894,1.5847396728833518
18045,3.023994331997326
7829,1.6171097718291951
10194,2.310249377664153
12668,1.1494141712072503
11310,1.7112986491994466
6179,1.7349412069532921
1839,2.0883253424551262
20112,1.6415063324376022
2880,0.5464070286877202
8035,3.451518927313557
8930,3.896234584264042
9273,2.988724917216143
14379,2.8841442043340138
388,2.046855953683269
20022,1.455649471491097
19049,1.4225947337340925
13637,0.7929626975753812
20293,1.9779138412067638
1036,0.9370622114756679
8047,2.145559863194465
7754,2.333364758426848
2449,1.0869282675712586
842,2.098621718579358
7639,2.5389566317160033
10150,4.26526724468235
16409,0.9810128043072931
5567,1.4801529368993371
4922,1.245636542933898
2768,1.052989680872234
13269,1.469860076109639
4573,1.5554176116850105
3426,1.6579418706888263
7294,1.3637456875955878
12768,0.8082687318867844
4340,1.683854423403597
9683,1.4559987278392037
16089,3.125407785429385
11710,1.3045308317732318
3435,1.675192225675748
7692,3.744312258737098
13353,1.6680643679438951
12865,1.1812781734413211
2066,0.7784392749767014
11338,1.7977798992749727
14718,3.926611810583491
1445,1.979480569611735
9681,1.0637560569843187
1373,1.2928638231224499
279,1.5406070541270263
14531,1.5898813184595615
11389,3.2325116573501385
19346,1.8736689703683163
19985,1.1945833040818528
514,4.33505670460405
4171,1.8520548780926587
14913,1.3595133523001393
4334,2.5594567375386994
17599,2.955371365658935
6904,2.1096558366502336
2381,0.6297322203940868
14045,1.6658766155843807
7772,1.735412777250023
11374,2.4475809973138567
16509,1.4121060325207315
17900,2.2004053196251094
5549,3.8705168889472463
8065,2.622920484850219
20258,1.622171909797911
10614,3.084464072566131
12801,1.0014666607665597
7302,1.3137419558523247
19741,1.0240724416769107
20307,2.2659962318258433
15829,3.5895433449544023
19247,1.8280213142241883
13432,1.5339794479043438
9190,2.4409318279783894
4033,2.692271968237285
14828,1.037262934013163
18348,5.06689545786742
6578,4.3225923946330065
20000,0.4620550052803761
17946,2.8155936179039247
6668,1.979000828276439
15277,2.047610331573182
15491,1.537528588909915
17620,2.9581222345606313
6075,4.0231002435065975
10775,2.566446803045861
12599,1.1472083833519688
4642,1.810294505340092
1706,2.056117876199249
6196,1.6778595821552362
2572,1.2341890426570672
13171,1.3780178180441935
477,1.6211431936214176
3770,2.6640262275154667
17525,2.270981797464758
11644,2.747229019734369
19323,1.5138641654474332
3861,2.5515653871302533
14430,2.6841317007459007
3044,1.5333436983368678
6085,2.336876939861439
11961,1.4626008027092319
17146,4.662093316408754
7701,1.6708563527460192
10828,2.783872980239056
7647,1.7321101755780328
971,3.1021895934025743
12864,1.254613656862813
15231,4.415220643725024
9893,1.213416690675556
17688,2.085054080702941
18637,3.1770121847386674
17003,3.4658755887423514
2936,0.5777571141195136
16891,4.266072839286326
15536,1.9286075472561985
7514,1.9270217873555644
20264,1.9422836561124373
4490,1.7379738073787405
3353,0.8096130742533868
12325,0.8498914073274396
9398,3.431389456888569
20575,0.9128250532121511
4689,3.561307470479513
14806,3.7404168242752784
734,2.0656724415944114
15514,1.9376167161853999
4580,2.079082867158137
13364,1.023952087863763
15140,1.7060928100843564
8399,1.9129700244997287
12060,1.1659871903908292
17140,3.465743236698634
6142,1.5948894077822258
4473,1.600626641732729
14841,1.1591106538865863
12883,1.2199358245577916
12614,1.4848982330524945
7463,1.531491753846914
1066,1.012624978517685
4703,3.1408000614673215
13821,1.599958195374428
8181,3.199402194803582
7020,1.7569126048761425
15760,3.4378390534582577
13605,1.4624545095915114
7896,2.5819814368573146
11013,2.3989878653621783
6463,2.7107182257378537
5917,2.581063362798849
9501,1.065578469654933
1442,1.5626031025446023
3711,1.6539601068194885
6247,1.4411248516948736
8624,2.912883909598762
3001,1.5749458096251308
19163,2.0867015940914304
2445,0.4311732399090815
4506,1.5151120898606543
5001,1.1459561116480603
2688,2.157648034308954
19697,1.2686384252098142
13463,1.2615471379768475
10220,2.6328671923963136
18481,2.967062013622106
12284,0.7836764881769305
7887,2.2809829376721393
8508,1.804995828998355
14930,3.1632189817456773
7518,1.556243994405353
8482,1.2895740582279702
10273,1.5191263771109726
922,2.4068874016132673
1087,0.8102695285719236
8179,2.5678664175074766
12695,3.0358174230322668
15832,3.9095845600006633
9431,1.685991959037871
5082,1.7567278305129455
12833,1.3030382964224871
1363,2.3662471687684548
5853,2.8667233353229045
6426,1.7068120678235401
18802,1.0146273736211522
14056,1.6210219551694993
2233,1.403320595422625
16396,1.060652659078827
6804,1.7595764109135845
9647,1.5231444337802973
3257,1.7529322027400371
10884,2.481755662818279
19787,0.7795282365396016
9151,2.357954224670597
8622,3.853931842336278
4451,1.4610890544003385
7540,1.6211776226948578
5486,3.6962334852130776
2130,1.6014612066933056
2415,0.4145015756029506
17494,4.7483430341923505
4193,2.0792383958660405
7202,1.459068955025753
20277,2.485040478623819
5454,2.905321237469008
6799,2.0881456326236676
17759,2.1106913154970326
18081,4.801626278417603
18902,0.9972113282884264
6425,1.9468393232234753
1384,2.0209881830381065
5149,1.1748149624114659
12084,1.675461013260368
12105,0.9791293501562253
9179,2.8379183970005073
2636,1.0176234175810075
7554,1.174314894349918
7832,1.781395635111379
6665,1.9338234760237745
170,1.298999844514318
4411,2.7426376518862967
20391,3.1494212776053203
17219,2.679755741409847
10881,1.9138761526238732
17950,3.6052395043779777
11937,1.2677739994988089
6423,1.6695092206385083
16963,3.743298474377385
15371,1.8524022278299577
5283,4.057490499981127
11011,4.138930173545266
6678,1.9332882446521529
9801,3.8710362248193273
16187,1.0371598297936369
13346,0.8889442966917543
138,4.232039503101722
8029,2.1388288592224676
6533,1.8197161451247668
14486,3.980885701175876
19337,2.0546439125015428
5529,4.052508909384422
10424,3.2615496857329993
19590,1.6186961690646318
8699,2.27389704301615
13290,1.09474991517419
3935,2.208590241992938
3264,1.064740212127766
5195,1.4341944406570626
10342,2.021260054630208
7837,1.5211139936571365
9890,1.6891130558093364
19423,1.7703205815976308
9339,2.8816881899037763
15365,2.330729099049343
2993,0.7481193929015284
9606,1.25828204306004
6419,1.8375166153903482
1398,1.8460195277113924
7793,1.5117731327101267
6758,2.7977572497704335
7614,1.4425636251780425
5099,2.227775856161064
3069,0.6308322136284162
18518,3.5972778294770227
10437,2.6455965962319046
2513,0.7849944322576081
9241,1.407342342858195
15683,4.3713739498664035
20611,0.702096166602372
8311,3.430025669995751
14961,2.3122083460153373
6378,2.217495461598949
17184,4.4926379152906835
2496,0.8152592128952854
11649,2.0830637504769016
13195,1.4304170807079029
19306,2.3336824651678527
7812,2.018384342246489
17705,2.1727086406038234
2086,1.3080554329495202
12163,1.1165856916282773
17040,4.191370779730132
8139,2.406920410733106
3101,1.5134775094955881
14230,1.5194748754069125
10283,1.9363226312225341
3687,1.9368709259468184
6139,1.5513592819327389
12031,1.3424564545605364
19963,0.7090000634409062
8493,1.8167721004429223
12597,0.7612758815444263
14003,1.0361286343118108
8826,2.766501175304241
13489,1.0521313888030053
14924,2.735786845078706
14001,1.1235440854919947
19406,1.7735376762188617
6603,1.214629440264769
18782,0.7015388776484272
16937,3.8039090846676373
13055,1.1864621960393957
16935,3.16974417995375
8802,3.8199575901119185
715,2.411174033991607
2679,0.739304189026248
8679,3.752124303987012
4022,3.3721749833158774
13382,1.6440840604904785
15104,1.56210279986111
14498,2.268981525856753
8263,2.8550305419145854
11699,2.812804420819027
6893,2.0083861915802093
7,2.4218531430713646
7221,1.4605026127943543
14933,1.667222013042068
15820,2.370549930328705
18474,2.371971416472317
6864,2.0021206378655387
8366,2.170789183207431
17476,2.6579326456050434
12863,1.3136880032527294
16317,0.9373220749959819
4069,3.8360301010524167
6238,1.3010474563230174
11834,1.4030819923398792
5278,5.195484160931907
20452,3.4170331387923483
13672,1.046308993606799
7278,1.3280919542589413
10229,1.5754659155141897
18944,1.4152190190223757
20167,2.093971583704205
13967,1.8154620186433559
1024,0.7855647033571975
5599,1.8148010816102813
16446,1.191327603860475
5333,3.3525309828860768
17300,2.1341512977722137
19139,2.3484403025219085
12429,0.7853237617501007
20398,2.526835059371225
13746,1.4528748218801812
6528,1.4694280649478524
4029,3.0744610984873986
12023,1.373684100319514
5886,2.527557477572994
3243,0.4164387485133236
8455,2.0983527136061726
16534,1.201409199533138
13729,1.5482285038132664
6452,2.7712008535829527
12147,1.432892254028308
9377,3.3927680500520547
13335,1.3485310992550137
3849,3.002632240420237
18393,3.8507279168299093
10446,3.0717706618576175
2112,0.5554561384665498
11584,3.6770738298076164
5533,3.339069788474237
18177,3.470725105340097
3927,1.8128468520464776
10899,1.9338537319564233
10408,2.170715292130566
11943,1.4102164646553594
6865,2.252414277727773
14047,2.0028195328960225
559,2.878894817190597
18704,0.6462715912147401
19996,0.4932239547319059
9657,1.2174404699821395
6096,1.857319032180203
2728,0.5575079609825871
11525,3.2051521680938784
7874,2.0073183743365153
17355,2.0422251831011966
15187,2.6335523515571326
16954,3.9606386953757178
6847,1.6840116329325845
20526,1.111430578509606
17798,3.0997877041936794
14306,1.2534566166201664
7568,1.2856937571745946
19852,0.434195382053106
4166,1.6482394504777542
10811,1.6462230387113987
10185,3.1040905790023716
6135,1.488940779410143
13902,1.0938823418136447
5049,3.158725543905274
1471,2.8562710085344047
8214,1.2412914279763116
15727,3.313963699164346
17120,2.069345732990157
6408,4.020450534879553
18322,4.538268504679152
13242,2.5942749323018757
15844,3.213684334103509
4402,2.005612126214387
7722,2.5003752973771585
20520,0.8649956497577103
15116,1.9108815260571361
6336,2.5923462379843656
9332,1.9968292595505583
6816,1.9669426537574513
4825,1.7660006687578227
7101,2.497814444828663
2253,1.9120589634608183
14106,1.2605541246226695
11783,1.0532541965348365
1870,0.7147522685410457
20100,0.7161088749509171
14130,1.1092186557864132
10844,2.108268747132377
13301,1.4099729616347758
4822,1.6463689940568198
9869,2.1020503169881675
8761,3.8758192835737697
3024,1.2149929279445604
16563,1.0135801461561424
15835,4.002524143140093
1200,0.7999274008232449
19393,1.2285032671885394
9163,2.5655823339222343
1278,3.556574205276071
17093,2.619932354004942
19456,1.9175023017481345
16290,0.6876891822393205
716,2.119902349795639
1671,1.3383776060658503
11189,1.5378472055589856
8504,2.2838617958853566
14101,1.4016317555046258
9350,3.3730076473185306
362,3.634610633404944
13329,1.500154430507757
3976,2.6615296124174126
5872,1.953705394394061
6956,2.8204989848637694
8704,3.2764079577583938
13099,1.5368578714413477
16845,2.732621869216701
19545,0.8427125375820999
10282,2.042812867158995
4843,1.9938453392919175
17216,3.283840415839875
13532,1.3559839618462697
3459,1.8290730183747317
17037,3.2312086928087993
5413,3.669935074082718
8020,2.0224877566182906
1158,1.0239071797713462
10167,4.672120136244877
12822,0.6092199683129891
6302,1.4475004652438102
20036,0.7533947364472612
18185,3.0868285675052762
8619,3.8111514506317867
461,1.7469565660183124
7956,1.4351298465612106
20188,3.030731459574047
12155,1.7270632647885624
13385,1.6855245006867456
14259,0.8681680541640434
292,2.6248370779157386
6004,2.6109776955266923
19825,0.8606029810167802
9464,1.0888884114388422
16006,3.4921734556565083
15694,5.331517615294935
10028,1.0151353874775146
13221,1.9438318917936335
6736,4.917986282950676
6098,2.3957478807232153
4681,3.4740159863183195
9937,1.990438502380431
7360,1.2233538965230601
16548,1.4959365124231778
8671,3.3563920115248815
18870,1.4770169337836823
19718,0.7695309840001022
9223,1.0021489158398342
5473,3.2426701021565574
18555,1.672004079937799
10435,2.734244392565464
3311,1.0321362575390622
18152,2.244892445533888
901,2.2238131221914155
2280,1.0404725459197668
4059,3.364167126419858
9060,1.6155255785146938
17813,2.2151765662024467
5888,2.939686813133436
15322,1.8633984209042154
260,1.2326679198116715
11505,3.4188847452891604
20020,1.2152253530679298
1648,3.941029467771443
11021,4.474352303111064
2911,0.6894210419654664
10155,4.526562828066642
231,2.2097637447295924
20363,2.881773136448824
11200,1.5659541756903859
3785,3.306072923905694
14539,1.943797238161829
5573,2.4789931314493936
7325,1.4427528502555658
11479,3.3648064654578143
13909,1.052267911359218
17928,2.757276717790656
16770,2.6171114388364414
14801,1.1505502269763506
15830,4.188887958334869
9573,1.1645772755488177
7703,2.235042693556003
19647,1.4410523167211595
5461,2.5244810908811255
12281,1.5044729863834045
11150,1.7545767314725387
17117,1.8298155712083264
6389,3.8908306335468534
14410,2.1223753221580575
12129,1.251640733297363
10169,3.100300340215898
11748,1.6072244456210092
17617,2.951763331199642
17571,2.676120762355836
2627,1.3427344126420129
14695,2.1807053887575716
9758,1.3997541189530454
17554,1.7053842480640415
3586,2.192028106549494
16058,3.0263391608622645
20229,2.3390824765182874
15534,1.4670725546964993
7797,1.8050993102639437
12638,0.9835852110960698
12933,1.6722839212948206
15057,1.4897506017206894
13338,1.456759631094514
9363,4.1353877127209255
16263,0.5758417435534382
5346,3.363829466747704
6483,2.005666276023842
16448,1.345087368514065
10222,1.6798643702500862
12045,1.493351824725676
4937,1.5145066053745573
7705,2.091531684831348
5672,2.484669740931633
2067,0.4981369454987455
3473,4.810828909702463
19190,1.82815795013912
13061,1.1182631581283564
13981,1.0151434513956468
18457,2.2785418332060843
16098,2.8870424993722734
3227,0.764623094102383
17489,3.099821303717889
8158,2.615094515734105
19005,1.5136642924420274
19991,1.0727452689480552
18635,2.500772389605958
18127,3.2566468327254734
6225,1.8372359652501875
18320,3.5463349174844385
6106,1.7250508203135393
16307,1.6865137759388829
1958,1.0822288920922403
488,2.0250053258138334
16385,0.9900416403319421
20570,1.657403580961088
8092,1.6876897516433484
5849,2.690137294552557
12301,0.704215518558988
20029,0.44831488667494107
11045,1.766984115233756
12697,0.7819051881255128
6024,0.9094495046442879
13661,1.5423041165505875
13214,1.242766542117513
10929,1.6179124709714807
2784,1.103194363540403
20046,0.4891234594786238
19870,0.919930852301583
6310,1.5394278367611471
17414,1.1595023281847705
10512,2.6561447428918408
20254,2.1004357331990557
19053,1.1736864218761434
4337,1.8333323676122362
19667,2.2831761992923107
1021,1.959110688730837
9189,2.387872171033948
6485,1.574191914156222
14541,1.6630166960475907
3275,1.4726714583025124
20492,2.455708721039935
11146,2.1969405235923003
3883,2.187782256412814
15106,1.5985568439737674
15419,1.885701211419684
4878,1.60769740575693
7428,1.2496402986812987
4526,1.448156419082235
16366,1.0754367556297029
2737,0.6681493454415365
9283,2.836707487463484
135,4.1561784128576225
15169,1.093025041750626
16404,1.3816374232905315
5598,2.2023267491700027
12586,2.480264127653445
5702,2.5991568283758095
13349,1.4372069907917733
16913,5.2361821858183575
16977,2.5974264765980464
18400,2.283158388627877
15625,2.6215572912412743
8133,2.6078245356821284
13790,1.5035678347202255
10907,1.6427321428555706
4973,1.3739280058029644
8942,3.2561103745000226
12701,1.4801793770796603
4206,1.959220892875235
4591,1.9834014702196803
1580,3.4700927410750317
2969,1.9748504274717371
12555,0.6651163838211118
6291,1.9468209011500714
486,2.0597950259701934
7787,1.4996221028470516
968,3.2229943116030686
11839,0.7456648094820454
9470,1.0703456140758831
10111,1.6033619895824012
6545,1.6996560573508404
7307,1.5367557102975287
1948,1.4708204743477873
16132,3.4339749117570264
8646,3.722142954081706
2226,3.2742270549398884
4329,3.3143564361155775
3534,4.798832859785256
8871,4.742633833433101
18516,1.6169242430173916
19816,0.567552589253658
18350,2.40355735441271
10511,3.0657551910435705
14166,1.1396959517154976
6922,2.9211626593731816
4449,1.4753119989704266
10419,2.5942055494971297
6174,1.9803490461842679
19054,1.4129310096912189
9445,1.0584519982117657
20267,1.9154140374850606
13523,2.0203494949127654
6115,1.642453733994443
4603,1.587446366617253
6979,2.2231749947878265
16416,1.309226063132249
2550,0.8388941854539652
11026,1.8404091106541902
18160,4.073327301523513
3705,1.9673886096649738
8189,3.0519276634465324
14876,1.4700220889740216
16695,1.5021426740502832
19211,2.0050695287812905
7286,1.1835954391639503
14586,2.4337920934176838
13552,0.7980856956623699
7885,1.90948705886936
10000,1.137210853210669
2905,0.43165943202269513
20589,0.8902933893175039
16962,3.66775761132616
12144,1.4883169967445233
19664,1.4375747340556615
602,2.0311130526505794
7048,1.6334924684979288
16717,1.483314554997294
14299,1.2297992146993346
3729,2.8446783768965194
20314,2.4543711583751704
19150,2.084574538349347
20248,3.413354117614409
2168,0.9822967557757403
16704,1.8529491720226954
17903,2.187510601812501
19547,1.0951984904980503
18413,1.5678212887844702
4323,2.773148271523981
15000,1.39248062351003
18408,2.784872574287177
20527,1.43326470699489
17319,2.4496946213020463
15511,1.901625214956958
2625,1.310031592244027
8603,3.3082335141993893
8196,2.587621667373537
2546,0.7782692071823208
15033,1.691315949348242
5169,1.2162334488514142
16228,1.1238351280949201
742,1.9344617258703676
412,3.4752689633792704
13190,1.1254500281117192
17238,2.3871684926446224
16335,1.6502776866368498
18066,4.89449516733512
18655,1.8700179395301815
2498,0.9995650794442944
8710,2.227322365669928
17058,2.904011668529098
16424,0.848891806416404
4903,1.412782290182602
2761,0.6510230569421238
2076,0.6976434107407617
12006,2.1245949781535702
4194,1.9908793754577838
18251,3.1002611579908383
7345,1.2885744879654113
4060,2.861639804504764
17876,2.419160944656206
3106,2.0184953688254748
14363,2.6110497582355086
17125,2.053603429405536
14251,0.9115823170681988
16319,1.3522449302444428
16706,1.8011052801986924
287,1.7725225428081488
1324,1.0452773493463487
19474,1.1351863731285217
18881,1.4985176130208806
19845,0.5419523777995865
18401,2.5374559721920638
73,1.1226309085113666
6326,1.874162399251469
411,2.5834721022587663
9148,2.658212857733293
2079,0.8425983127903369
2013,1.0500292570866439
13192,1.844761383253628
16369,1.1453940618488407
8145,3.1549104853634047
16151,3.177394941644313
9290,1.9053205379692393
2523,0.9107665313592863
10091,2.3775586050524624
14241,1.032428362834921
12831,0.8733185480861851
16034,2.4921634918110405
6077,2.079199942935089
12316,1.065616987989568
4505,1.3695145056809923
12124,1.3327203037738697
15004,1.4820517811265614
6693,4.047683109100061
10050,1.2665527862028494
12030,1.0567299602281102
7178,1.7851220036508215
17382,2.088962174451892
10009,1.3692225999944478
6614,3.8244587687022173
7001,1.6272331013110348
2299,1.3932858104646246
3169,0.7441730229088567
6370,2.306404562993662
8591,4.26393895950981
7739,2.1291967898173065
12247,1.017332616073246
8604,3.591062589391426
9092,1.0786924777672768
5386,3.1845649238892983
14086,2.56495785840935
6101,1.9713458146857439
17224,3.5129826615164514
18446,2.9240655744152844
1072,0.9984566890045018
19312,2.777683604280887
3430,1.8865349332517856
7713,1.688008661972911
19353,1.3932930713476612
15659,3.2284494229343164
2831,0.7696117836576553
4266,2.3047991111295496
16461,3.0426292967522444
2046,0.7676919942484891
4772,1.988984401161783
19884,0.647545655915828
20162,1.8246271016732964
10053,1.1309086698884565
8923,2.8420553767194563
206,1.3421136734791541
5926,2.210821992494314
9896,1.4638782453593249
10481,3.8083338372570807
3352,1.065254003962367
13465,0.9692988099632931
7182,1.5987683138272057
16618,1.6674099118092478
15315,1.5318519186834656
2678,0.5478426424699291
17551,1.752825745760553
16175,1.6341587127117678
14081,1.5249937757852239
15181,2.288175638506233
1732,2.417379838190387
14932,2.1589278287508233
10023,0.9353192302545672
4557,3.1096174760766324
698,1.6678127744355802
1006,2.9288008372479877
12522,1.0295760244307157
12292,0.8060041928323072
14427,2.665537438899194
2772,0.9837526093379598
11514,3.6432698496312605
4881,1.6303652649441607
15111,1.7463706476895708
5141,1.267607482101991
7766,1.971155998643617
18005,3.7674481193571285
14536,1.5152533498375462
1030,0.9413002529211723
10735,4.054183295320158
9110,2.9863380389997882
8546,2.2048549227426926
16277,0.671529240871906
15297,1.7391514375115407
9858,3.6707458930042973
9419,4.989446566412128
19877,1.0088010111060306
5439,3.552025850707566
17805,2.7058741555429227
8215,1.4506976489451302
4829,2.009206300039623
19800,0.8948254777244519
8337,2.0027411051813795
17497,2.3816962441512977
8859,3.7050980712788677
13956,1.4456236641561475
2102,0.7378994985722386
13196,1.3347186135035631
102,2.7370230332455865
14960,1.9600957429442092
19764,0.7699623789399122
19466,1.3090179477296628
2744,2.1583659051791706
13601,1.4787324797032892
17780,2.0444330844638343
18696,0.6288954533666475
9069,1.4012661852217714
7078,2.2343293569079745
17719,3.405658503677079
7531,1.5412020656322951
3618,1.8664631043372415
2731,0.868384707912491
397,2.1535622430418706
1665,3.0882724103802066
5202,1.2535326302106968
14657,2.1522287711775197
9688,2.177199542406831
1477,1.4239165242734255
8518,2.297098203394253
3416,1.7267133570248265
17488,2.660298862511041
636,1.6692497234294532
818,1.694749143287957
7487,1.5557820966494342
4673,1.7393865526571424
11317,1.9690179335156537
51,2.0224256975081842
20142,1.9090093910719854
12592,3.2685058978965906
8828,3.076856228590548
4597,1.685245784024087
708,2.2986414812227873
1687,2.1365484279904825
15847,4.029931655378006
11660,2.0890396195055976
8956,2.5426081600465977
2778,0.6339298092036841
14571,1.7658535189401978
725,1.5614257017723923
16350,1.1714926351509345
6933,1.6891056401496443
837,2.153314096609225
19531,1.3859449486352489
20371,3.5204591379634533
434,1.929308514512733
9141,2.0925410608623567
7362,1.3942600591769416
3610,1.8603457192909596
17107,4.970647413956877
16791,2.799226524883088
20299,2.5762623049288598
13167,1.655822003889909
7925,1.7772297507496182
11765,2.0941881904970794
8410,1.5589103007515066
16952,4.02887277082267
17746,3.0164567161290194
13343,1.3631786726270625
8926,3.662328097378259
6843,1.7658000923791148
1159,1.875498672452442
129,4.125587763080086
8021,2.5533159042938967
3503,1.885631884476827
11859,0.7158742720253214
10330,2.8887338264342364
7696,2.6706428389691337
124,3.1286333690874457
1248,1.0058379202925272
821,2.0293262814030912
10011,1.1247847519840004
7432,1.6175918324971077
7168,1.51728702090338
19765,0.6115468947499643
7218,1.532997078068529
10831,3.088352944797825
10084,1.8434896324849679
5788,2.091475223003589
11974,1.012424696110551
7756,1.8705807037552775
20468,2.815306034207134
13964,1.7305294836555227
19454,1.7701644951099034
18514,2.240024726759306
2949,0.8157766213598119
13094,1.598796296254976
15069,1.7983147567026316
9802,2.97087172049936
17687,1.6471705452316003
13664,2.2339644948937383
10128,3.390127179952113
7600,1.726632621578156
5161,1.4628624246176751
15571,1.840679481708857
964,2.6869183949191284
15543,3.584217060835266
3015,1.970815237852915
1960,1.345578002385676
13872,1.2983552196393933
20370,3.033165982109427
20272,3.240264072047547
8571,4.373697601300577
8115,1.8649903061103408
10866,1.7921613937903964
16246,0.8985429820618869
3078,1.3508353948879765
10250,2.9136151808191886
13040,1.6537384820558638
17945,2.306659498830582
15226,3.56531556285401
931,2.5817624526278466
3157,0.8530605504086947
3634,2.1499598123733197
18878,1.1060223158352254
15905,3.379573273874281
4202,1.6764559090963065
9239,1.2090564990583752
5571,2.02090868981007
2153,0.9003508505675643
12552,2.4399368736840765
11147,2.042485560382593
928,3.2432487045746696
8834,3.4112766403701635
4611,2.15704752997421
12232,1.189364055460798
17006,3.0375278670174635
12059,1.248718825463842
8953,2.4852900258468935
16413,1.0118446996944666
13770,1.5395463966971499
14109,1.1569878643021707
9388,3.760247319740435
13907,0.8726381015280199
15528,1.220615221781042
9706,2.022223993127645
7118,2.321810197607703
11636,2.020927658076257
6435,2.4421972106407237
15766,3.7695567142219755
13151,1.9142247696552144
19802,0.827903118182883
15874,2.618041390379653
11801,0.9905570513377175
2944,0.3567491754074972
10530,2.674445967217776
19715,0.7585598219260177
8723,3.4067495881722385
6187,2.0643752267608337
5355,2.543694248265801
10173,1.795582138864857
10037,0.8732734700594662
2806,1.029713250991111
3434,1.8139251239793317
16226,1.306093374712311
12201,1.8779264756904757
8487,1.6099123831675763
13632,0.9922709122009401
6654,1.9298480967961769
19758,0.7412670625459284
11177,1.852435114491745
14049,1.8526997864886436
1838,1.7659205307297152
16356,0.7062639172270444
13968,1.7240616894187273
4983,1.5585363679059336
19076,1.7124978546878473
12413,0.9208924967662435
3617,1.8069622159246548
8680,2.666296006057587
7908,2.616789131400775
18479,2.251382009731707
8370,1.5689914032130206
4141,2.1956911646133914
16152,3.202682691936725
12629,0.8758452208944625
7301,1.3737329232639708
7306,1.5117731327101267
8318,3.315445994939453
15533,1.8642485983398602
20554,1.13032462484581
9561,1.4195624913023057
6889,1.6229044835750988
16665,1.8704333516029799
12420,0.7676568947894229
8055,1.6997729733145117
585,2.5187335750285587
11319,1.8259085281280076
12920,2.1069376145459606
7835,1.5029940798659693
14728,1.8468621842502708
6970,1.5753611796519487
1766,1.8393249955021092
16441,1.1302705385608345
6127,1.7734735901300664
7948,2.1926718485656704
13053,1.402523088928274
3499,1.8885920434447083
1558,4.027062235809777
16326,1.3271717557081604
19782,1.0850021875508662
17255,2.461655907781403
8188,3.997244081459904
13469,1.3012690048976256
16249,0.9318633835553103
10994,2.1363913514295163
16116,2.7336058476166363
13786,1.165320099015314
7937,1.4740969791667744
20377,4.6504074775523225
13873,1.1794717604324436
15756,3.2043454344589946
13464,1.2819916199189478
11942,1.2699997155475637
2158,1.8762390734527241
8574,4.3073003484660415
18358,4.901013403545023
18612,3.1236015800701216
14215,1.040204369637514
8981,2.2256670262582428
14250,0.9397197758447311
15129,1.6914396712776363
11100,2.566053906249194
11794,1.4072895835111032
20284,1.8718512787449662
2815,1.0517107457883346
11686,1.7754308593529857
1698,2.4473576339053587
2741,0.9939035911653773
10377,4.3902247190730215
7232,1.5825453887979928
11224,2.146158134731074
14285,1.2263799230850714
11771,1.3453626473119333
14582,2.415617404761102
1067,0.7314529357043329
14743,1.5659694744345458
19881,0.7069503270877546
18010,2.1389811492679076
14369,3.7106492532095534
14818,4.038335846487204
736,2.4254757070864397
2440,0.8918155535347855
17285,3.5783417353735976
2499,0.7327674631851507
12556,0.6892400747549687
18909,1.7906799104878732
12533,0.9497820719878243
14758,1.1213860758336398
2783,0.838631713481192
2137,1.135800662267761
20250,2.6004269686685118
5372,2.189760724675118
1699,2.548731721630747
6353,1.997412200323144
12859,0.8217979948693104
8749,3.258835983336593
2040,1.0616559368854417
13360,1.8963744905584894
2361,0.9431758852489739
14954,2.8442814942978525
9827,3.010126933083472
13389,1.4018559108956516
12562,0.7623896666547788
20088,1.1659833470715004
4974,1.5118258975669654
8395,2.0505513380390044
5558,2.869912805251268
12693,2.8381101287231
19503,1.2863100859077452
19437,1.7146890287027399
18722,0.8588852950890635
7661,1.8730809219195834
19515,1.2771957965493772
18267,4.592481429702897
6920,4.40198309659838
1220,1.369844772592671
19826,0.8869122352052541
18203,3.192765568489619
16606,1.9946680527642118
11399,2.5003598983065207
15531,1.5107899836433314
13347,1.7726207264845464
3303,1.1370139147110296
18309,4.337039852160822
14002,0.8756901933736094
6068,2.566987268513959
19382,1.3854812869419855
17106,3.6210977718827153
6484,1.8864858274915575
8376,2.0465587740294806
14361,1.7641204804327753
14121,1.205993937705047
19044,1.3744254716696387
3469,1.6764635582422591
17095,2.8120420122554726
15026,1.9312268602789184
19686,0.780899020854221
19701,1.307761358998976
6504,1.5675199453198516
8057,1.8683346396694094
20601,1.1272777552791344
13368,1.6060009128111916
8987,3.8578817521205186
8952,1.8717665213923607
13164,1.5726055087081998
2047,0.743245474728332
6707,2.6152558884533867
9730,1.6964036689758633
14256,0.8915488368858312
9653,0.9315684509974728
12746,0.8613678979972211
20558,1.0155109724353197
3818,3.082025837718937
10353,2.5598344278360528
18318,2.681736440741923
5622,1.4669034685182998
6833,2.5353007059924226
3060,0.8542365769063492
14249,1.1147361550069244
17835,2.616392077773855
8716,3.5130450553595978
20474,2.3913193864025657
5307,3.326379835952216
9797,3.796604079625156
3580,2.3777399837661752
16044,3.155642987116438
15443,1.8178851268178753
17832,2.531356795071834
7116,1.8654577104782295
3288,1.299417442708954
18558,2.5699278578927744
14455,3.2257479390714354
7959,2.2751511458955056
14406,3.505902609029825
20163,1.810044978241477
3214,1.2163317727268819
5450,2.796365497480366
10310,3.2025408021674315
9001,2.4235564753932355
3048,0.6143640966401875
11891,0.6473714966662638
6021,1.7435979947160847
1892,1.2105578598392832
8381,2.014031556336327
13730,1.6317626823736175
1027,1.1130711995522904
16131,2.6709414935193223
11558,2.9543797034109747
13127,1.2592044087849603
18338,3.1954165352388464
15596,1.1387404534808239
13898,0.6353899533277098
7201,1.312350559074371
18529,2.1719931780805397
4640,1.813471730552368
16071,3.2101602363979027
14845,1.2754343532383998
19385,0.9731993499898007
13880,1.4213925624235162
10347,2.497128731920963
9807,3.8923251593806754
18630,3.595303483323457
16380,0.8121133660749438
11956,1.3331469873903727
9432,1.8366652698527217
10432,1.8254772960947048
19744,1.0436337696111795
1195,0.7752602622732846
17237,3.8646944607802114
8009,2.2991304214852226
10495,3.30840474218902
632,1.9518270884914337
10650,3.853844945754406
197,1.2607602320736147
1120,0.7259344275671444
2291,1.1094402908352272
15404,2.0486136262577515
13226,1.3631786726270625
11975,1.216282356169479
13824,0.6091182999832503
4169,2.1132245151341706
17388,1.5556195255599625
2185,0.7369591161020457
18343,4.293338245561402
17065,2.023736600437582
13261,1.615515607074349
9417,4.689350725006005
275,3.0233858869380676
14710,3.904683709461614
7095,2.626562809980531
1805,1.152204515240328
15367,1.9955349546001777
10854,2.8931566162394784
10306,2.9837657489561416
13857,0.7670910839781604
5145,1.2800411195860608
10978,2.2403764493200002
6224,1.774350390716925
15717,4.015669824290425
15843,3.7236592149089964
15265,2.1276844848953815
1777,1.7638436726580755
15618,5.379633702620189
14928,2.8411070179450633
2702,1.0877180810479752
10020,0.9594005945692825
7507,1.3987522904206011
2703,0.748603169579307
12070,1.7159750570689856
13134,1.082367747847102
13442,1.6321027064474154
286,1.6680694013954682
9694,1.4245284327104997
5755,4.090827848309788
20605,0.678965410170959
7444,1.628564040030879
14082,1.7872351175922372
8391,2.2448178015976317
15034,1.9384402282685544
550,2.666827995971012
18026,2.8973842391650817
16183,1.037439110409684
2910,1.3992198379595566
17519,2.1815304384020457
17598,3.7451866563892287
19543,1.2361505534715431
3049,0.6708342191066657
9624,0.640255211228013
9443,1.2840898525276079
6467,2.1646389427674393
18821,1.1530593016914685
6648,1.6949657320762557
16816,3.0729075716000542
5377,3.368148377913667
6601,1.917614350979056
2453,0.8650032653566917
14811,3.2814851818040593
1980,4.640728495980281
13856,1.0788949674983528
19494,1.4636415968640755
2068,0.6305012094214887
14772,1.072726995390005
16727,1.6416960188279535
13487,1.412382111239013
3269,1.6434149800660578
19931,1.2971656218175318
12251,1.0616876351977025
16324,1.0525530461132087
9567,1.0955398215269982
7667,1.7141726441247813
9232,0.9280225253216758
12132,1.137017365426062
19260,1.8611021602002735
11873,1.1620261310186089
11128,1.593114519889514
7246,1.5509033276491968
4981,1.2290516728636094
12535,0.8376361399517951
13658,1.4803417706152746
1359,1.1497454383432681
3071,0.618492860225029
19936,0.9517734142842277
7862,1.7343087342876267
15074,2.3098911557523727
6552,4.560986751287707
12064,1.3289641639247312
16455,0.8280681950352955
2256,1.0243405808291852
2267,0.9717765901280975
8098,1.8240982088024884
14464,2.5984175229913538
17567,2.2273235195996093
8194,2.663388030815199
7591,1.2804780733440484
10991,1.891700512110492
8830,2.936668269418907
4631,2.2379825108877096
11840,0.8181216743932711
19237,2.037216048477879
18841,1.1120792326272926
12635,0.7304498087133121
13603,1.310439165505435
3756,2.3085314379805517
20393,3.2094895834683794
10243,3.4972850861817095
9153,2.3409861549707616
3205,1.4893192896549878
17555,1.6003896972989626
16517,1.1348146656474092
14472,1.196139302921807
6464,2.500190147878756
4008,4.548781151066325
14615,1.2602792103552525
18925,1.7027383874807116
8693,3.1563159088956545
16871,2.9833608040818933
16462,1.7740206622991634
50,2.0375297534131223
13917,0.8988084533882318
2933,0.6220675995220555
2967,2.098497776862557
7827,2.013210026688968
6731,4.583840037499003
4725,4.019039089158249
6789,2.4520096637876296
4743,1.8790167251653902
12951,1.0918678228867817
18469,4.0925506760534365
9441,1.360776041177593
8030,2.365242024501061
12785,1.406330384288027
1304,1.1245266947837889
17066,2.024549937315325
19596,0.9900352318271314
19390,1.1732870844095968
7717,2.0395623165448593
18086,4.447231349385436
11538,1.6180690496519448
9617,1.0326615930737182
1374,1.968927258247811
2999,1.1207477983659095
8272,2.468217449961814
8289,2.902035865705857
18180,2.614782194640417
7454,2.0805373711874746
1136,0.8149595608366174
15327,1.8492681503282247
10202,2.501771567205783
3051,0.7647774823063276
427,2.6942713175555015
9254,1.3124035647306047
3695,1.8622905725073715
16220,1.1119203596408733
8040,2.371986363034446
1589,4.0796205803460905
17299,2.7355380552552915
340,1.763477141502563
12134,1.6347241067355398
11648,2.5161671196483457
14236,1.7024036773540552
6393,4.6953746605595725
19273,2.1216476823854453
10909,1.6800307300454125
17653,2.802843909907643
11360,1.408179972040886
5528,3.9700809962979156
7327,1.416809720062227
16139,3.3525451752461977
3315,1.0207403376420092
15803,3.6991624889179104
16052,3.1553019839897316
5287,3.9377148801612485
19286,1.4511280210390238
5260,5.18588455604746
10813,1.9230360003767009
3650,2.1321164708449167
55,1.1394805789892333
2974,1.0733668474525886
8632,4.319739094479954
10164,3.0088576472799478
2960,0.9743199650042412
15251,2.35063725442697
6456,2.316268507174841
15958,2.9384470289881035
10366,1.7158630020840844
402,3.041645528190527
13983,0.563978999187956
7295,1.2510517751891044
13906,0.8474763643119013
11077,1.977051636469613
19435,1.7878913190708376
4982,1.6230408919773323
8254,1.8789458213641324
9738,1.5672756038564095
18871,1.119960223198615
11237,1.9406828939371166
19252,2.3006002580621363
7555,1.4283013060721939
18791,0.9632992790623798
20406,3.3218592569954537
10520,4.467352716999804
5906,1.809622849139981
17823,3.5840029119953476
14064,1.6438989132223787
19192,2.4658129124291603
10697,2.0708411829609212
1723,1.0081527114789837
13307,1.3210239288627594
665,1.8872451076510535
17032,3.365194893593574
13085,2.3933421765741043
11938,1.5204557608496228
16056,3.939712419097729
8286,2.8321737833124443
6219,1.9159602981617985
19690,0.8157017166577205
18957,1.1342408265380564
3270,1.3151693507183928
3949,2.9277532591901094
19290,1.7276609287591873
10463,2.5979747848499706
8252,1.4824785848435804
5801,1.7558087627252035
9894,1.3308136207710475
13310,1.5178386525043157
16753,2.5183619299029782
13309,1.2099712603830122
17683,1.9851590506270795
10501,2.4730846935422184
13087,1.6347280497594725
9407,3.1862569736616306
5643,2.937341807435901
18869,1.339006436889229
609,2.05524597535701
13406,0.868761269650296
13114,1.5673788359680019
20,1.544488215757435
1339,1.759176324771721
14265,0.8390542856191706
7475,1.4345219333179062
9752,2.217797968819273
16948,3.291925587405651
11548,2.7668341861978356
19805,1.053574949036339
18293,3.1146938025986812
10654,2.697254601705695
4784,1.877666133394942
6007,1.280909384454957
2488,1.2282240552783963
3703,1.9345751079693017
16625,2.0569717942616252
6099,1.8622319089598174
4626,3.0987752027873485
19681,0.8151230018015231
19302,1.9987091483236838
11910,1.0814152840738729
19522,1.3092779607816247
15532,1.6342500678638845
3487,4.527680394513796
5006,2.3137428247656056
16393,2.8527248288489626
18365,4.286206791315568
20157,2.6604624153798597
2426,0.6800056312652827
10585,3.3541404645398503
12987,1.4234136398441237
18632,2.357790666688564
15422,1.7696195581137526
12033,1.2665362888581226
4102,4.712524206734311
13142,1.8203319493320216
17865,2.6393639813289655
8404,1.7516098170674488
2959,1.0263479439092327
15615,3.622945188752798
11918,1.4001983466454686
18732,1.1810188345573804
3801,3.583195719231843
15485,1.371862788090568
16410,0.9028638175190112
10710,1.4656026525557184
7629,2.1373002788009203
19059,2.5523131403857584
18095,3.242145224531266
14025,2.4224651884656963
10964,3.9417886211465385
13175,1.1351396599071164
15934,2.1513337290136607
14741,1.559716781973912
3799,2.8262199791001787
20343,2.7147493729624728
9261,1.4537565476062355
17025,3.373630564289579
9021,3.3697166301520234
8375,2.1686936231586413
13620,1.0938511160553313
1984,1.3360253471804675
13373,1.79887699268217
19040,1.4208274124826437
19090,2.4838142151982696
12843,0.7960190847898427
17697,1.7054097825229202
15483,1.778995522806799
16608,1.2329273479177154
17672,2.003381572514263
12935,2.3589149147342394
658,1.8238790465417298
9015,2.4554973738051866
9294,3.0328588857553913
752,2.0043325085593553
2082,1.3211786298386825
17013,2.6025271993258303
10269,1.7688733192341017
16983,2.8365403609133035
19379,1.515911331741297
5764,2.111826784255038
844,2.444962710593016
16604,1.5931671466913913
19216,1.7828513983039962
14488,3.3943186348287906
12832,0.8359997085281302
8724,2.42254709219417
3411,2.73719902928204
16653,1.9831832590432799
6848,2.177054202629561
5862,3.5450214503448225
9936,2.076130990751633
20266,2.055324217614037
5352,5.0121547684847645
3653,1.9962881513620154
554,2.084117996933929
13090,1.7683269995859614
12825,1.5094575940373967
9098,1.932188413835508
13254,1.9146228082409102
18477,2.367743791266089
19873,0.7217149472410477
11851,0.8157131402858815
577,3.475780304904948
7579,1.2188124146352302
7291,1.5137381837747539
18321,4.128044457155491
15779,2.4420083034751783
48,1.5710911379178516
13826,0.5336948298212194
19241,2.463082867372509
8417,1.7630850523506691
10598,2.384065849951795
9982,1.8023194471584014
16325,1.8459243997270982
20347,2.793648303745416
6367,3.5335361645476504
16225,1.157941348924794
1216,1.1082186923837765
10120,2.0503094752425572
10731,3.793604712996816
10405,3.117967875902371
18412,2.0061474205483423
1945,1.6907856889322754
16967,3.1434120677398587
1451,2.6438200528575275
17293,2.8665181447790262
10300,2.8427616944295546
14564,1.6752127718394938
17961,2.2340206889440695
10820,2.177538589005432
5761,2.3901451559504143
2404,0.3886102602537815
11392,1.954535030136398
14207,1.7065461992411701
8342,2.228039188106475
11153,2.0922390396609085
9850,2.0696458491727587
12850,1.3380485423738862
12525,1.0222059774675438
15100,1.2266362499421966
20125,1.6989525352018027
13756,0.9515060104748995
6046,0.9034834300463471
2169,1.0351237898688015
4849,1.8033769711699639
9817,2.2890585425585503
19862,0.5278623494452633
13275,1.8059983056543707
15042,1.0789861739689308
11334,1.7606861920126602
10502,2.6738578531283497
5381,3.4496791386285777
18617,2.6486818364401654
16178,2.4726172967909434
1214,0.8116450559112649
4348,3.690720497007168
16638,1.719763660248221
8101,1.4509940441340625
11058,1.9135389513429624
12716,3.196058380258844
14605,1.755472617172483
5562,1.228168605285526
9646,1.3713971812746173
6536,1.8438653139116867
6240,1.787864412115644
7752,1.4241858876843774
4198,1.7307685664277528
14654,0.9017577026456864
6551,1.6158829560704109
2541,0.8780601716267553
745,1.6937189779446498
19621,1.6406533075199699
2913,1.4518394361308562
6138,1.5970880811003083
10291,2.6859687121774485
1039,1.3357663592849327
7135,1.780158863794706
18727,0.6800233001619282
5663,1.8937373748347943
20257,1.7065341104156704
5072,1.8610568468914956
9669,0.4799740928880235
13505,0.8166565118357971
15573,1.5448016833268308
16814,2.5238511987350454
12152,1.563096996236725
730,1.662642372679339
5577,2.1624549645646893
18431,2.688346043304965
1641,1.9413355490257094
5027,1.9391395736925734
14581,2.887225223087232
11617,1.8911218441712905
18641,1.9432647814469224
10646,4.328171481577991
18765,0.7270108286859817
543,3.214109387798754
147,3.925217658771737
4990,1.4761717118726791
16216,0.7258378036945727
242,1.169218124049885
18747,0.7608745769651656
3596,2.8349292320304524
8405,1.7494829831270842
10361,3.8464513681756802
5715,3.246271178997784
12402,1.4864683969911618
1953,0.9761492912519482
15801,4.168959781144174
1595,4.35857582543582
9162,2.5312769782276745
8479,2.244517230561633
10088,2.012117769637291
2681,0.6480407028917964
845,3.0855011872181906
4780,1.860249435320962
11920,1.0647401301540622
4654,4.448903507849046
1784,0.9740242608306011
7609,1.576304697270902
1,4.303941980868569
10156,4.371353751138978
15363,2.1692949822236263
16624,1.5394730438378814
18087,4.761416123100701
2145,0.871443913803423
3666,1.9776337616831312
14197,1.3042517893548236
8268,3.254746449514015
17446,1.8438619192387062
14266,0.9400294011655582
2272,1.7623069726624057
17849,3.1447556085143873
6253,1.4712915548630867
9390,4.473409719494622
6114,1.6083911513975713
6062,2.826940516492735
16031,2.860854607400182
8365,1.9566335343435584
9449,1.2018546414218476
17530,1.5434520684534119
5866,1.948265266309014
7616,1.501835244604826
9708,1.7024292489265254
16333,1.6807742346944967
3450,2.0026107544727934
5200,1.3274218966212334
13497,0.8583860734618467
18057,4.650900524173381
9530,1.2344422377064337
5129,1.204922895229017
18797,0.8187716110468896
414,3.2517623639217432
1176,0.6752601970291181
4388,1.8447479576263155
11629,2.104804680565638
9788,1.0772569331798558
15558,1.2953658977820481
9133,1.4426175095747535
5515,2.0794963764169947
6505,1.5111075426940077
15029,1.7535899539837771
7817,1.8085015822305164
18759,0.7596541281112172
7370,1.700520420030855
7899,2.0789395903088113
10824,2.401054592389474
5253,5.21846603534564
6443,2.2370173987873576
11935,1.2881200787876714
5550,4.078880312789184
11569,1.693069030188674
15168,1.490322580206686
12537,1.2197747915466253
7780,1.7075840653633567
10712,1.937453067542411
6625,1.9227457026533508
4421,1.712544391042994
1414,1.9700325227594133
1131,1.0034370073764007
15027,1.4502864065313614
4708,3.053288141963078
10538,4.1270325354709545
1622,4.389240159105804
7593,1.0755549156659097
4732,2.1139918704073586
14436,2.576523168286894
14302,1.455424185632962
6627,1.7887245509229324
3299,1.1448393554614371
19808,1.4999691502787698
16994,3.470888822947361
5737,2.9515740664317622
10856,2.683764869433881
5021,1.4497479904883528
8240,2.3039758282272413
11983,1.6994927401171451
17190,3.432540558492866
8127,1.2309125875900877
14129,1.1330012807132779
17778,2.2246785403343696
12915,1.048869160514769
16258,0.7991220061137729
11136,1.915790592309771
13988,0.5668007352794249
7712,2.1209919333506226
18592,2.496188042324494
6530,1.6644881557377447
484,1.5847854430419916
3847,3.139914720129524
12827,1.1267081942538633
1316,2.3613683795453593
7223,1.557682919795094
14017,2.05000218911355
4227,2.487738151262156
9280,2.8866884683525473
1577,2.907150056594524
11302,1.5726706466067903
16520,1.1947359340106212
16395,3.2974650024089014
5291,4.838660358556844
10354,2.14590290112733
11472,2.9643906322163267
11887,0.8829180264312042
1990,0.6092763913099338
16458,1.8608479394309556
8064,3.8334296277971758
17322,1.9661670910128406
9548,1.2930725425548184
14629,1.8216985853216077
15519,1.3873877746619947
122,2.949640215605192
2610,0.9042893664348902
19783,1.1730961077002637
7627,1.725087122374599
9799,3.8098596629564567
954,3.2761854760121047
4463,3.181787930039229
10990,2.3994809523564045
8293,2.8920554247565726
17094,2.2789003232710363
19035,1.2370051763801184
1271,1.3234619434117731
12190,1.0911650260846342
1692,2.393357243130764
17911,2.193703452646305
12646,0.751930882067612
10753,3.8022571793268574
11010,3.83644562267171
15878,2.726921307551569
7164,1.7912796870467451
2975,2.3773895701089947
13154,2.1213262127281554
19948,0.7289045920926421
4756,2.5081990190320815
11232,2.2180354789809624
17131,1.710543618223667
1209,1.27712956618745
17396,1.1773474021181114
5519,3.660208704275674
15743,3.160784998745794
14495,3.0796490801159293
11091,2.1480241590395552
1091,0.7704034745746511
3121,1.7733181741122819
11201,1.770434282466836
5360,3.672156614939926
14849,1.2377554516594667
1534,2.8402324242927106
13689,3.075032306061955
1412,2.2909018649977813
12846,1.23930118762159
2615,1.1087169360580351
2637,0.7938499976515278
5438,4.130684708649173
6092,1.9483013149232946
2665,0.8573228953960277
9631,1.2870385950575653
10754,3.949936850228156
10224,2.5459959698657246
14990,1.8175351753129496
11428,2.120648481841341
14546,3.1068365083749607
20506,2.851266451243363
17121,2.0465880451836322
13112,2.146589275480346
8820,2.755130912564318
5000,1.520717219983429
15263,2.3497180150796226
13943,2.967154825255315
5019,2.4326896729742096
1768,1.3490685914359526
13156,1.1113752764050748
8609,2.6612071349909154
5228,1.2585343167844925
15383,1.4628275829894284
16973,2.797955446448702
7537,1.418277264399904
17123,2.4855387918029708
5196,1.1747605073428153
19180,3.4528222410092533
5184,1.2647706590444527
20565,1.0816517123950358
13243,3.8002266027811316
18563,2.158955796938331
4450,1.5798173415864347
1003,1.8519569243556322
9234,1.2510198443123626
15080,1.3894249156799434
15403,1.492315260064664
17057,4.557609490987226
5130,1.1981626127564675
18266,3.2117532768913737
15693,5.170229726937366
19326,1.9961860451693325
6040,1.156480789766632
17518,2.2344086746814678
2147,0.9165639117199552
10864,1.794824711443426
2663,0.7938499976515278
9410,3.9735511443237677
18077,4.885546651945896
3195,0.9048240690964752
12341,1.3673918596422612
2954,0.5473101429587499
16057,3.203917164711155
13078,1.0890822004432898
4246,3.2473246099935373
2311,2.074894199792686
9279,2.0918702151313315
8230,2.357569010476674
11227,2.6798651544427488
15590,2.2480624716349884
3796,2.3095303235470315
11571,2.655082326591656
1281,1.1157999482031946
7921,1.6107293995711176
11252,1.5959542870054728
12462,1.7860338975723127
7802,1.5217186934655558
16666,2.117564013952007
4904,1.3706348961851778
8440,1.7639472809405234
5023,2.1162988907988614
8162,3.0257776423778626
223,2.6788819318563557
3546,3.078253146105842
9499,1.182192523219437
2443,0.7217210482135842
14298,1.3353908078378118
15377,1.5806610303359911
1973,1.3886805383119998
1571,3.9636114981504607
2282,0.8852555582588402
15714,3.108587794548163
2022,0.5853330775155162
18836,1.1165862976953744
7761,1.8066393148340492
17445,1.5680864097879046
19267,1.2992294127200599
2557,1.6762679146544057
10348,3.2854211306020384
9990,0.8625542961387748
3345,1.3647037967081486
903,2.2820681183454696
8144,2.2472763710391233
182,1.3246243059302798
10266,2.234492881851598
9368,3.496513791100729
1854,0.9985390224190999
4789,1.692216277529599
7069,2.280422586796153
19978,0.9208714453594044
14384,2.383566744463379
5554,2.409397898891085
1459,2.4451601623061614
18671,2.600576608189067
15151,1.3937328674183131
6210,1.9118645635434386
19572,0.9931429141700083
1927,0.8570441694700067
5847,1.8389109829031285
7727,1.7104717946727468
18834,1.065484095139864
3657,1.9458573752103507
15806,4.3606647505543465
11799,1.704861724584722
7473,1.3296617889365963
15472,1.6716005229328033
12826,1.3620856109733999
18826,0.7880854628107182
5785,2.7662543491398632
16412,1.858221574360801
11265,2.358705325374894
12787,0.6642460986290517
4437,1.5347389769227535
8456,2.7055762981700635
15195,3.603705467868611
7337,1.3260173674138944
8197,2.493752433568216
17275,1.9940004156457276
4000,4.118387566330987
8148,2.7392324924285885
8543,2.091075274749427
6509,1.752432607594719
2087,0.8410870074485263
19954,1.3302313074826735
19745,1.018028314101322
6502,1.3996996036749316
2590,0.8155138030203495
16798,2.8401250561716447
18981,1.6606500582294992
18859,0.6324607968500893
16982,3.0800314024097974
4529,1.34828132533664
4255,2.70655220105007
19084,1.8900955422428933
20296,2.2531910973507285
12388,1.291970101449623
8616,3.477099348173218
4230,4.785933392677361
20279,2.1944623921494517
885,2.258171761780679
1040,1.5128163310271694
15237,3.5081827160275414
5136,1.1757495871639987
12398,1.0689749763997556
2446,0.655570896024534
5922,3.632220106514066
18263,3.999414821586951
17498,2.7558040870752865
16786,2.787875236466683
18620,4.554642844105224
13596,0.7132214794817198
2096,0.5961186272093905
3858,3.201635180972459
19313,1.837315618196241
14512,1.6982684138431143
3478,3.8283674870632645
1011,2.693701376162292
10983,2.76800519519775
14719,4.2431957583918685
18168,2.9383435938951803
6076,3.221474079982363
11215,1.741488216564174
7415,1.4427528502555658
935,2.1445523840406175
10176,1.6936816772385048
11275,2.2041108221506343
18930,1.5006993279860334
1344,1.5033972318877828
12458,1.1407326319167514
360,3.0341727973677144
6166,1.8996261365459552
19262,1.5538664704558216
960,2.8046079885293906
19868,1.5332735142582865
1149,0.7865959800096519
2955,0.7894819761140931
2052,0.8496170622581953
18325,3.9326384812010304
2055,0.6274731745161265
9007,4.538885100543148
7285,1.312453024415812
5538,4.539076950798457
14372,4.1805277883072005
19463,1.561499738942821
15053,1.86780265555644
15219,2.3677116140342505
8893,3.1680218257132156
14551,3.06263930519056
19001,1.603875591337587
7303,1.6618595431098109
11370,2.410379030284157
17819,2.0249493332715365
16145,3.069388107297804
18607,2.445976602590945
10874,1.677359115403351
15706,3.456975231520271
3609,2.114816931532536
11176,2.086872214898649
5447,2.999218537897061
4895,1.256494880465878
20478,2.9745619613041594
7697,2.980765380329639
17952,1.9285432454427303
9000,2.535190297496569
7511,1.9135948710095751
6587,4.046189270072204
17239,3.2637710247879657
5475,3.206623749955194
8452,2.2715279316484946
19476,1.1557389805615135
2395,1.3722752037120014
9654,1.3985986528659191
8731,2.560875950139579
6875,1.6300360556044164
13582,0.8678026451533516
13754,2.0434608495816926
20242,2.701749633100132
6734,4.392518125942328
5164,1.3009066359034331
7410,1.370382366736543
13663,1.55613387947238
9318,3.7983965841493417
3538,2.6239091402922026
14355,2.4227952682795424
14240,0.9324070174806425
2747,1.1882879654523404
103,2.542617543703263
15793,2.486433631650858
1662,3.36859337344181
7529,1.1303639593295722
9376,3.941586695368924
13897,0.6027837115142903
15190,2.266609445984366
12784,0.6793420477971426
9627,0.6971977324327927
7597,1.3208852664756743
1695,1.950022772834231
14667,1.6110897050171165
10203,1.5107717034785186
17236,2.2187073561159307
519,3.233515058082772
9978,2.1897210052344134
7290,1.5097840996755327
12344,1.1868346258579334
14071,1.8209086818130755
2359,1.6142598379061155
17678,1.6085732195462505
938,2.36920140345649
12408,1.167060475461513
13912,0.7969064443840099
7604,1.3473581853081624
18460,2.670815229215442
2135,0.6655882735841602
9496,1.248882416625092
8125,1.3682690567973472
14481,3.9950896311317043
9562,1.530025651710032
10318,4.4371413515944855
3120,1.4833507174264877
14655,1.6075504569025232
20075,1.44097115192443
1211,0.9672357375356241
8333,1.6588934496343875
1086,1.127218240934089
19597,1.5412739438036431
9580,0.8726449299978274
5996,0.9914955850070967
9828,2.3978753179836634
20244,2.3785102874776505
11549,2.437015898628174
16251,0.7418366475511455
11030,1.9146529981986085
7666,1.805150089776338
3380,2.5191945087182024
1319,2.097951372895158
1770,1.4533805377188038
12215,1.7432578420688591
14327,1.5901864300189674
6868,1.8344168801943923
18041,2.7428292855278826
3563,2.9154177959611234
131,3.864749884997161
14475,3.3752491323499014
14336,1.9855685488633172
17706,2.351811482161136
14761,1.1688837592497416
13356,1.6627824146107189
14075,1.311202320016927
1826,1.1912840884058125
12440,0.6551675022856118
17353,2.1657993734074745
4992,1.6148949210439962
7543,1.202395646562986
5024,2.5575450261397057
18573,1.6563906675911715
4707,2.6857652432132935
9139,2.621901517591516
6293,1.8092845593857334
2217,3.059021064370393
2996,1.3679930175212711
16140,3.0026759314960243
5749,1.9621694089653077
10369,2.792827685231509
15077,1.8543871267117902
18205,2.3196105354661007
9620,2.230596649541162
5961,1.9731563402015297
6133,1.5154086806981284
3941,2.6725029995837146
18466,2.1171073672150227
17987,2.6193050407096936
19502,1.0607214771036222
14631,1.7338951819686952
8840,3.6250717211556767
3224,0.7837786769432025
7536,1.1769268073152521
7592,1.2452865786987108
14919,2.0383366753855094
450,2.3746326995341955
2265,1.4071086632802143
16950,4.034527691516779
13219,1.981050443436106
7328,1.5747074312452534
8154,2.060999074470698
11263,1.7768261090594584
9114,1.9802737518884395
536,3.036163656280891
7828,1.8702673493001232
9594,2.3904502131199217
1837,2.3429770102453427
5408,2.7872723434367086
8441,2.342135161492159
8727,2.6545900503482143
12932,2.218073702593256
15428,1.3157487462410051
1891,1.0593417510455392
16475,0.93548812676239
6735,3.541266002472549
1689,2.6908966400702607
7477,1.4529360416427335
9843,2.3435211203357795
4615,1.971149900916368
12834,1.167978206118896
14159,1.483568896223815
2450,1.5867503816180013
19380,1.5541854843608118
14476,3.0770672393032767
15406,1.568778946075921
455,1.6895202741797397
18409,2.0982852059126214
18814,0.8623083331154422
13748,1.7723969174488188
3853,3.360085504622743
183,1.4806837151117243
18616,2.3414117223110726
19813,1.474874529750991
